
CREATE TABLE `controle_pilhas`
(
    `id`                 int(11) primary key auto_increment NOT NULL,
    `chave`              varchar(255)                       NOT NULL,
    `servico_id`         int(11)                            NOT NULL,
    `licenca_id`         int(11)                            NOT NULL,
    `area_supressao_id`  int(11)                            NOT NULL,
    `patio_estocagem_id` int(11)                            NOT NULL,
    `corte_especie_id`   int(11)                                     DEFAULT NULL,
    `tipo_produto_id`    int(11)                            NOT NULL,
    `dt_cadastro`        datetime                                    DEFAULT NULL,
    `tipo_pilha`         tinyint(1)                         NOT NULL DEFAULT 1,
    `volume`             decimal(10, 2)                     NOT NULL,
    `nu_individuo`       int(11)                            NOT NULL,
    `latitude`           varchar(255)                       NOT NULL,
    `longitude`          varchar(255)                       NOT NULL,
    `zona`               varchar(255)                       NOT NULL,
    `observacao`         text                                        DEFAULT NULL,
    `created_at`         datetime                                    DEFAULT NULL,
    `updated_at`         datetime                                    DEFAULT NULL,
    `deleted_at`         datetime                                    DEFAULT NULL
) ENGINE = InnoDB
  DEFAULT CHARSET = utf8mb3
  COLLATE = utf8mb3_general_ci;

INSERT INTO `controle_pilhas` (`id`, `chave`, `servico_id`, `licenca_id`, `area_supressao_id`, `patio_estocagem_id`,
                               `corte_especie_id`, `tipo_produto_id`, `dt_cadastro`, `tipo_pilha`, `volume`,
                               `nu_individuo`, `latitude`, `longitude`, `zona`, `observacao`, `created_at`,
                               `updated_at`, `deleted_at`)
VALUES (6, 'CP-10/2023', 74, 8, 5, 1, 4, 3, NULL, 1, 50.00, 0, 'dff', 'ff', '', 'ff', '2023-11-24 11:02:46',
        '2023-11-24 11:02:46', NULL),
       (11, 'CP-16/2023', 74, 8, 4, 1, 3, 2, NULL, 1, 60.00, 0, '0', '0', '', '0', '2023-11-24 15:16:14',
        '2023-11-24 15:16:14', NULL),
       (12, 'CP-21/2023', 74, 8, 4, 1, 3, 1, '1970-01-01 00:00:00', 2, 30.00, 0, '', '', '', '1', '2023-11-24 15:17:49',
        '2023-11-24 15:18:51', NULL),
       (17, 'CP-22/2024', 127, 417, 18, 3, NULL, 2, '1970-01-01 00:00:00', 0, 4.11, 0, '234019', '9350985', '',
        'Bueiro da Estaca 501 LE. Coordenada em SIRGAS 2000 UTM 25S.', '2024-04-04 16:04:33', '2024-04-09 16:51:04',
        NULL),
       (18, 'CP-27/2024', 127, 417, 18, 3, NULL, 2, '1970-01-01 00:00:00', 0, 1.48, 0, '234336', '9350954', '',
        'Bueiro da Estaca 517 LE. Coordenada em SIRGAS 2000 UTM 25S.', '2024-04-09 16:57:57', '2024-04-10 15:17:00',
        NULL),
       (19, 'CP-28/2024', 127, 417, 18, 3, NULL, 2, '1970-01-01 00:00:00', 0, 0.50, 0, '234787', '9350882', '',
        'Bueiro da Estaca 539 LE. Coordenada em SIRGAS 2000 UTM 25S.', '2024-04-10 15:19:10', '2024-04-10 15:19:45',
        NULL),
       (20, 'CP-29/2024', 127, 417, 18, 3, NULL, 2, '1970-01-01 00:00:00', 0, 0.93, 0, '235091', '9350842', '',
        'Bueiro da Estaca 555 LE. Coordenada em SIRGAS 2000 UTM 25S.', '2024-04-10 15:21:29', '2024-04-10 15:22:10',
        NULL),
       (21, 'CP-30/2024', 127, 417, 18, 3, NULL, 2, '1970-01-01 00:00:00', 0, 0.28, 0, '235368', '9350841', '',
        'Bueiro da Estaca 570 LE. Coordenada em SIRGAS 2000 UTM 25S.', '2024-04-10 15:34:19', '2024-04-10 15:40:18',
        NULL),
       (22, 'CP-31/2024', 127, 417, 18, 3, NULL, 2, '1970-01-01 00:00:00', 0, 4.46, 0, '235694', '9350848', '',
        'Bueiro da Estaca 584 LE. Coordenada em SIRGAS 2000 UTM 25S.', '2024-04-10 15:40:58', '2024-04-10 15:42:53',
        NULL),
       (23, 'CP-32/2024', 127, 417, 18, 3, NULL, 2, '1970-01-01 00:00:00', 0, 0.64, 0, '235983', '9350818', '',
        'Bueiro da Estaca 600 LE. Coordenada em SIRGAS 2000 UTM 25S.', '2024-04-10 15:45:32', '2024-04-10 15:45:59',
        NULL),
       (24, 'CP-33/2024', 127, 417, 18, 3, NULL, 2, NULL, 0, 0.13, 0, '236274', '9350786', '',
        'Bueiro da Estaca 614 LE. Coordenada em SIRGAS 2000 UTM 25S.', '2024-04-10 15:47:27', '2024-04-10 15:47:27',
        NULL),
       (25, 'CP-34/2024', 127, 417, 19, 3, NULL, 2, NULL, 0, 0.31, 0, '239496', '9351174', '',
        'Arvores isoladas entre as Estacas 773 a 776 LE. Coordenada em SIRGAS 2000 UTM 25S.', '2024-04-10 15:51:30',
        '2024-04-10 15:51:30', NULL),
       (26, 'CP-35/2024', 127, 417, 19, 3, NULL, 2, NULL, 0, 1.32, 0, '239433', '9351107', '',
        'Arvores isoladas entre as Estacas 773 a 776 LD. Coordenada em SIRGAS 2000 UTM 25S.', '2024-04-10 15:52:50',
        '2024-04-10 15:52:50', NULL),
       (27, 'CP-36/2024', 309, 8, 21, 21, NULL, 2, NULL, 0, 40.00, 0, '00000', '00000', '', NULL, '2024-07-11 15:49:00',
        '2024-07-11 15:49:00', NULL);


CREATE TABLE `tipo_produto`
(
    `id`         BIGINT UNSIGNED NOT NULL AUTO_INCREMENT,
    `chave`      VARCHAR(255)    NOT NULL,
    `nome`       VARCHAR(255)    NOT NULL,
    `created_at` TIMESTAMP       NULL,
    `updated_at` TIMESTAMP       NULL,
    `deleted_at` TIMESTAMP       NULL,
    PRIMARY KEY (`id`)
);

INSERT INTO `tipo_produto` (`chave`, `nome`, `created_at`)
VALUES ('897b980b980ff7094d72d0505ec74689', 'Matéria Orgânica', '2023-02-10 14:09:00'),
       ('52b318703eb04b1e79c4e9f4dcedfce5', 'Torete Lenha', '2023-02-10 14:09:00'),
       ('9dc03f7e97e894b5eaed73e678861670', 'Tora Comercial', '2023-02-10 14:09:00');

CREATE TABLE `destinacaos`
(
    `id`             int(11)      NOT NULL AUTO_INCREMENT,
    `chave`          varchar(255) NOT NULL,
    `servico_id`     int(11)      NOT NULL,
    `dt_envio`       datetime DEFAULT NULL,
    `uso_da_madeira` text     DEFAULT NULL,
    `destinatario`   text     DEFAULT NULL,
    `observacao`     text     DEFAULT NULL,
    `created_at`     datetime DEFAULT NULL,
    `updated_at`     datetime DEFAULT NULL,
    `deleted_at`     datetime DEFAULT NULL,
    PRIMARY KEY (`id`)
) ENGINE = InnoDB
  DEFAULT CHARSET = utf8mb3
  COLLATE = utf8mb3_general_ci;

INSERT INTO `destinacaos` (`id`, `chave`, `servico_id`, `dt_envio`, `uso_da_madeira`, `destinatario`, `observacao`,
                           `created_at`, `updated_at`, `deleted_at`)
VALUES (1, 'DP-10/2023', 74, '2023-11-24 00:00:00', 'Escora no canteiro', 'obra dnit', 'ss', '2023-11-24 11:04:18',
        '2023-11-24 11:04:18', NULL),
       (2, 'DP-11/2024', 127, '2024-03-26 00:00:00', 'Furto de material lenhoso.',
        'Terceiros não relacionados ao empreendimento.',
        'Furto total das madeiras armazenadas nas estacas 501 LE, 517 LE, 600 LE, 614 LE, 776 LE e 776 LD. \r\nFurto parcial (0,32 m³) das madeiras armazenadas na estaca 539 LE.',
        '2024-04-11 14:49:38', '2024-04-18 02:03:30', NULL),
       (3, 'DP-12/2024', 127, NULL, 'Furto de material lenhoso.', 'Terceiros não relacionados ao empreendimento.', NULL,
        '2024-04-12 14:07:41', '2024-04-12 14:08:54', '2024-04-12 14:08:54'),
       (4, 'DP-12/2024', 127, '2023-09-22 00:00:00', 'Furto de material lenhoso.',
        'Terceiro não relacionado ao empreendimento.',
        'Furto parcial (6,56 m³) das madeiras armazenadas nas estacas 501, 517, 539, 570 e 594 LE.',
        '2024-04-12 14:12:45', '2024-04-12 14:25:38', NULL),
       (5, 'DP-14/2024', 309, '2024-07-15 00:00:00', '-', 'Furto', 'BO 12345/2024 registrado online',
        '2024-07-15 11:13:00', '2024-07-15 11:13:25', '2024-07-15 11:13:25'),
       (6, 'DP-14/2024', 309, '2024-07-15 00:00:00', 'Furto', 'Desconhecido', 'BO 12345/2024 registrado online',
        '2024-07-15 11:14:14', '2024-07-15 11:14:14', NULL);

CREATE TABLE `destinacao_pilhas`
(
    `id`                int(11) NOT NULL AUTO_INCREMENT,
    `destinacao_id`     int(11) NOT NULL,
    `controle_pilha_id` int(11) NOT NULL,
    `created_at`        datetime DEFAULT NULL,
    `updated_at`        datetime DEFAULT NULL,
    `deleted_at`        datetime DEFAULT NULL,
    PRIMARY KEY (`id`)
) ENGINE = InnoDB
  DEFAULT CHARSET = utf8mb3
  COLLATE = utf8mb3_general_ci;

--
-- Dumping data for table `destinacao_pilhas`
--

INSERT INTO `destinacao_pilhas` (`id`, `destinacao_id`, `controle_pilha_id`, `created_at`, `updated_at`, `deleted_at`)
VALUES (1, 1, 6, '2023-11-24 11:04:18', '2023-11-24 11:04:18', NULL),
       (2, 2, 17, '2024-04-11 14:49:38', '2024-04-11 14:49:38', NULL),
       (3, 2, 23, '2024-04-11 14:49:38', '2024-04-11 14:49:38', NULL),
       (4, 2, 24, '2024-04-11 14:49:38', '2024-04-11 14:49:38', NULL),
       (5, 2, 25, '2024-04-11 14:49:38', '2024-04-11 14:49:38', NULL),
       (6, 2, 26, '2024-04-11 14:49:38', '2024-04-11 14:49:38', NULL),
       (7, 2, 18, '2024-04-12 13:39:47', '2024-04-12 13:39:47', NULL),
       (8, 2, 19, '2024-04-12 13:55:30', '2024-04-12 13:55:30', NULL),
       (9, 3, 21, '2024-04-12 14:07:41', '2024-04-12 14:07:41', NULL),
       (10, 3, 22, '2024-04-12 14:07:41', '2024-04-12 14:07:41', NULL),
       (11, 3, 17, '2024-04-12 14:07:41', '2024-04-12 14:07:41', NULL),
       (12, 3, 18, '2024-04-12 14:07:41', '2024-04-12 14:07:41', NULL),
       (13, 3, 19, '2024-04-12 14:07:41', '2024-04-12 14:07:41', NULL),
       (14, 4, 17, '2024-04-12 14:12:45', '2024-04-12 14:12:45', NULL),
       (15, 4, 18, '2024-04-12 14:12:45', '2024-04-12 14:12:45', NULL),
       (16, 4, 19, '2024-04-12 14:12:45', '2024-04-12 14:12:45', NULL),
       (17, 4, 21, '2024-04-12 14:12:45', '2024-04-12 14:12:45', NULL),
       (18, 4, 22, '2024-04-12 14:12:45', '2024-04-12 14:12:45', NULL),
       (20, 5, 27, '2024-07-15 11:13:00', '2024-07-15 11:13:00', NULL),
       (21, 6, 27, '2024-07-15 11:14:14', '2024-07-15 11:14:14', NULL);


CREATE TABLE `arquivo_destinacao_pilha`
(
    `id`             int(11) NOT NULL AUTO_INCREMENT,
    `arquivo_id`     int(11) NOT NULL,
    `destinacaos_id` int(11) NOT NULL,
    `created_at`     datetime DEFAULT NULL,
    `updated_at`     datetime DEFAULT NULL,
    `deleted_at`     datetime DEFAULT NULL,
    PRIMARY KEY (`id`)
) ENGINE = InnoDB
  DEFAULT CHARSET = utf8mb3
  COLLATE = utf8mb3_general_ci;

CREATE TABLE `resultado_supressao`
(
    `id`                                   int(11)      NOT NULL AUTO_INCREMENT,
    `chave`                                varchar(255) NOT NULL,
    `servico_id`                           int(11)      NOT NULL,
    `periodo`                              varchar(50)  NOT NULL,
    `dt_inicio`                            datetime DEFAULT NULL,
    `dt_final`                             datetime DEFAULT NULL,
    `graf_area_suprimida`                  text     DEFAULT NULL,
    `analise_supressao_vegetacao`          text     DEFAULT NULL,
    `analise_supressao_especies_protegida` text     DEFAULT NULL,
    `analise_pilhas_cadastradas`           text     DEFAULT NULL,
    `analise_pilhas_especie_protetigas`    text     DEFAULT NULL,
    `analise_destinacao_pilhas`            text     DEFAULT NULL,
    `created_at`                           datetime DEFAULT NULL,
    `updated_at`                           datetime DEFAULT NULL,
    `deleted_at`                           datetime DEFAULT NULL,
    PRIMARY KEY (`id`)
) ENGINE = InnoDB
  DEFAULT CHARSET = utf8mb3
  COLLATE = utf8mb3_general_ci;

--
-- Dumping data for table `resultado_supressao`
--

INSERT INTO `resultado_supressao` (`id`, `chave`, `servico_id`, `periodo`, `dt_inicio`, `dt_final`,
                                   `graf_area_suprimida`, `analise_supressao_vegetacao`,
                                   `analise_supressao_especies_protegida`, `analise_pilhas_cadastradas`,
                                   `analise_pilhas_especie_protetigas`, `analise_destinacao_pilhas`, `created_at`,
                                   `updated_at`, `deleted_at`)
VALUES (1, 'RS-10/2023', 74, 'M', '2023-12-01 00:00:00', '2023-12-31 23:59:59', NULL, NULL, NULL, NULL, NULL, NULL,
        '2023-11-03 13:20:55', '2023-11-03 13:20:55', NULL),
       (2, 'RS-11/2023', 74, 'A', '2023-01-01 00:00:00', '2023-12-31 23:59:59', NULL, NULL, NULL, NULL, NULL, NULL,
        '2023-11-13 18:06:01', '2023-11-13 18:06:01', NULL),
       (3, 'RS-12/2023', 74, 'P', '2022-01-13 00:00:00', '2023-11-13 23:59:59', NULL, NULL, NULL, NULL, NULL, NULL,
        '2023-11-13 18:06:41', '2023-11-13 18:06:41', NULL),
       (4, 'RS-13/2024', 127, 'M', '2023-03-01 00:00:00', '2023-03-31 23:59:59', NULL, NULL, NULL, NULL, NULL, NULL,
        '2024-04-12 14:23:14', '2024-04-12 14:23:59', '2024-04-12 14:23:59'),
       (5, 'RS-13/2024', 127, 'P', '2023-03-01 00:00:00', '2024-03-31 23:59:59',
        'data:image/png;base64,iVBORw0KGgoAAAANSUhEUgAAA2wAAAFfCAYAAAAyHU97AAAAAXNSR0IArs4c6QAAIABJREFUeF7t3X+QHOV95/Hv0/NjV79YGRlDIBFCgCzA+AfCksxq9YOsnXOqDhBVgUsgGF+cCrmALWE7qRB+BI4Qcq5LmVDYXHyJsUucC+oiYRtjgxe0klhbEmwMtjkwYGQjI9sYAUJC2t2Z7efSM9Or2dmZnZ7deXqfp/u9/wyz09P9PK+nu5ePvt1PK+EHAQQQQAABBBBAAAEEEEDASgFlZatoFAIIIIAAAggggAACCCCAgBDY2AkQQAABBBBAAAEEEEAAAUsFCGyWDgzNQgABBBBAAAEEEEAAAQQIbOwDCCCAAAIIIIAAAggggIClAgQ2SweGZiGAAAIIIIAAAggggAACBDb2AQQQQAABBBBAAAEEEEDAUgECm6UDQ7MQQAABBBBAAAEEEEAAAQIb+wACCCCAAAIIIIAAAgggYKkAgc3SgaFZCCCAAAIIIIAAAggggACBjX0AAQQQQAABBBBAAAEEELBUgMBm6cDQLAQQQAABBBBAAAEEEECAwMY+gAACCCCAAAIIIIAAAghYKkBgs3RgaBYCCCCAAAIIIIAAAgggQGBjH0AAAQQQQAABBBBAAAEELBUgsFk6MDQLAQQQQAABBBBAAAEEECCwsQ8ggAACCCCAAAIIIIAAApYKENgsHRiahQACCCCAAAIIIIAAAggQ2NgHEEAAAQQQQAABBBBAAAFLBQhslg4MzUIAAQQQQAABBBBAAAEECGzsAwgggAACCCCAAAIIIICApQIENksHhmYhgAACCCCAAAIIIIAAAgQ29gEEEEAAAQQQQAABBBBAwFIBApulA0OzEEAAAQQQQAABBBBAAAEnA9uy3t6u7FBhiyhZJyIvFP1i7+DAwMv1hnNZd/fCrJfdLL7asGug/3GGHAEEEEAAAQQQQAABBBBwRcDJwLaiZ82NWtSS3Tv6L1/es3aTEv38rh3bbqlFX9G9dpV4+oHS7311EYHNld2SdiKAAAIIIIAAAggggEAg4Fxgq6qu9QchbeXq1ZdoX11V7MytH+zrOxAOa1BZy3i52zxf3+t7cqfy1ZUENnZ6BBBAAAEEEEAAAQQQcEnA2cCmPH33zu3b7y8FNq1ubXRZZFBl056+h8Dm0m5JWxFAAAEEEEAAAQQQQMDpChuBjR0YAQQQQAABBBBAAAEEki7gbIVNlEx6SWQ4cNOtsO3cufOPi8Xif036jkD/EEAAAQQQQAABBBBAID6BVatWBRMoNv1xLrAFPYo66Uhp2WleErl7cPDjI8PDf9ZUkgUQcExgqKiyvxrOzi6MqsywrzIj2suMjKrMiK+zBd8rv/clUyx9Frx6mYKWTPBZ0NWc54/mlIxmPX80X3rVo3lPRvPKHw0+y3uqmM/o0vsOT4/mMnr0hI7i4c6sLtZSKa201qNDjhHSXAQQQAABBBBAYMoCiQ5s46b117I1nHAkCHKBWPWMkdMNbC9o3eH94q2FwyLSISK84uDifvA/fpxfOPiaOmPfYW/poYJaenhUzij6cuKUzzDT+GLWk32dGXl2fk4/967Z/nMfeqd+9lPnDO9Zcvz8l6axWr6KAAIIIIAAAggkUsDJClucI7F1z57O47PH/o6MDIvkO4RXHGzeD17cX8zf/eLcpT990z9jfyGz9O2CnDHkq6Vay+w4j5tWt6WUHNZafiBaPy1KnhYtT0k297R8UgX/RsIPAggggAACCCCQWgECW5OhDwLbwuyxv0NljcqarZW1P3s83/3sm95H3hpRK0Z8tThRZzOtnxPlbZXR4hb5TOd3E9U3OoMAAggggAACCEQQILBFCGylChs/CFgi8NSbmVn/86ls9563Mh9+c0Q+4ovMsaRppptxUERvFu1tkdFMn3xWvW16g6wfAQQQQAABBBCYaQECW4TAFlTYSouFJZbwO7wv39SHR1nA4P7wry/mj3/gZa/7F4e8NQdG5CMiUpr4I8U/wcQlW0Srb4lk+uRa9UqKLeg6AggggAACCCRYgMAWIbBRYUvwEWBx1259quP07/9anfebIdV9qKDWWtxUG5r2LdHed0WKfXJtxzM2NIg2IIAAAggggAAC7RAgsEUIbFTYKkgGK0ilLbB++cfBzMKv781fuH9InXdkVJa14yBP4ToGxPf7ROU3ybXqxRT2ny4jgAACCCCAQIIECGwRAxuTjjDpiMlJR/78+7lz/n1/9sL9w+pC22d0dOb8p9Rh8eVeEX2vXJvb5ky7aSgCCCCAAAIIIFAlQGCLENhOyC1YOPYEtuFhkY6q/3XnPR7T2B/++LH8h59/K3PhWwX5MGcmgwJaHhKlNsnG7NcMboVVI4AAAggggAACbRcgsEUIbO/w5y4MFuOKPeYYacccKz/Yn539dz/qvPCVtzMXHhlVH2j7Uc0KJxN4SiSouo3cKxvn/BIqBBBAAAEEEEDAdgECW4TAVqqwhZW0RhU1Pi9X2vCpX3EcHpZ/emHWwm++nL/g10e8Cwu+Lv0jAD8zJvCb0qWSXm6TfEoNzlgr2DACCCCAAAIIINBEgMAWJbD5cxfW3sMWfq3RvW18XhbAR+SvB+d84AnuT7P4ZKzuFyX3yobsNyxuJE1DAAEEEEAAgZQKENiiBLbSPWz8INCawCd2dPb8aL+6lPvTWnObwaUHRPQ9sjH/v2ewDWwaAQQQQAABBBAYJ0BgixLYqLBNqJSFbFTQJs6e+d9/OPvMx/ZlP/bGiHcR5xsHBZR6VKT4T7Khk4qbg8NHkxFAAAEEEEiaAIEtSmCjwpa0/d5If+75iTrhqy90XPGrIXWF1pIzshFWGqOA+pqozB2yQe2KcaNsCgEEEEAAAQQQoMLWyj6wdc+ezrqTjtROMsL78ZOOpMjj50OduasG8lfsPZK5YtTXJ7Syf7GsEwJ3SDZ7h1yj9jjRWhqJAAIIIIAAAokSoMLWZDj37NnTOVSpsOVFZKRqed7jcUFfx0UvvqU+NjyqzkzUmYHO1Aq8KlrukNHsHfJZ9TY8CCCAAAIIIIBAXAIEtibSVNgqDwpPUcVs3OMJGvT7E9tyPU+/nvnYoaLqietgZTs2COgfi8gdTExiw1jQBgQQQAABBNIhQGBrocKWjl2CXk4mcP0THWc+9kvvY28MCxOKpHlXYWKSNI8+fUcAAQQQQCBWAQJb1ApbrMPCxmwTYEIR20bElvYwMYktI0E7EEAAAQQQSKoAgS1Chc3PLVgY3LsW3rPGa/netbQ4XPLorPXPviHXFLWclNQTAf2atsDfysbczdNeCytAAAEEEEAAAQRqBAhsVNg4KBoIfPG53EmbfuJd8/qItx4kBCII9IvIzbIxF7zygwACCCCAAAIItEWAwBahwjas555cfkB0hwzLsHSIVB4kzfukely87Zj1zx/wrqaq1pbzTNpWQrUtbSNOfxFAAAEEEDAoQGCLENje0nNPNjgGrNoigS+90HnS/3kxfzVVNYsGxc2mUG1zc9xoNQIIIIAAAtYJENgiBLbh/IKTKyU1kbFp3kslN94nyOMPtnWsf5aqmnUnKacb5Ps3y6c7/tbpPtB4BBBAAAEEEJhRAQJbE/7gOWzHUmGb0Z3U9MapqpkWTv36qbalfhcAAAEEEEAAgakLENgiV9hqHyBdW2Hj8/EPnHbD5w8eoao29dMH32xJgGpbS1wsjAACCCCAAAJlAQJbhMAW3sMWTjYSfoX35clXXPSgqsYpcIYEqLbNEDybRQABBBBAwFUBAluEwFa6h42fxAhQVUvMULrbEapt7o4dLUcAAQQQQCBmAQJbhMBGha2MlISK4upHuq579Yi6IubjjM0hMFFAyUOiR6+RjZ0vwYMAAggggAACCDQSILBFCGxU2Nw/gP75WXXil57ruOFgQa1zvzf0IDECWj8nGXW1fCr3aGL6REcQQAABBBBAoK0CBLaoga0yff3w8LB0dHSMTefPe/s9PvPk3OXbf5m5YdhXp7f16GFlCLRHYFh8fY18Ov+l9qyOtSCAAAIIIIBAkgQIbE0Dm+4czh/kHjZH9/qLvzvr4mffVDdorWc52gWanR6Bv5eNuevS0116igACCCCAAAJRBAhsTQPbns5hveDkYSlXkkoVNekQ3tvv8fvf7frUK4fVn0c5EFgGATsE9H0ymrtaPqNes6M9tAIBBBBAAAEEZlqAwNY0sFFhm+mdtNXtP/pK5pjrn8zf8Maw/OdWv8vyCFggsFu0vkauze+2oC00AQEEEEAAAQRmWIDA1jSw7ek8KPMWjS02IiL5qi/x3iqPm34w+8zvvJK94UhRvX+Gjy02j8B0BF4Tpa6WDdn7prMSvosAAggggAAC7gsQ2JoGNt15UPZXAluQ1IKEFv7w3iaPjz8+9/ee2p+5flTLO90/NOkBAiWB62Rj7u+xQAABBBBAAIH0ChDYmga2mgpb7fK1FTY+Hy8Qk8+Fj877kz0Hvc+k91Cm54kVUOpL4mWukU+q4cT2kY4hgAACCCCAQEMBAlvTwFavwhZW1hpV2Pi8XHkz7/PW4ULmou3zrn9tSP0XjnMEEiug5VHJZa+Wa9Rzie0jHUMAAQQQQACBugIEtpYCG3uRTQJ3Ptd58tdezN9wqKi6bWoXbUHAjIB6SXy5Rj6dfcjM+lkrAggggAACCNgoQGCLENhGOg4uqjw3Wya+jkhHR77O70XKz9fmcxM+n93ZcfZ39qrbR3y12MYDizYhYExA6Y/JhvxXja2fFSOAAAIIIICAVQIEtqaBrck9bFYNZzoa88mdc1Y+/uvs7UUtx6ejx/QSgVoBfbVszN+FCwIIIIAAAggkX4DA1jSw6c4RObgouNt/rGImeeH9zHhc8Vj+d594LXO7r2Vu8g9PeojAJAJa/lquzd2OEQIIIIAAAggkW4DAFiGwHZ3WP9k7g+29u2zbvAt+9KZ3u2hhv7V9sGhfPAJKbpMNub+JZ2NsBQEEEEAAAQRmQoD/8Y0Q2IJ72MYWK5XWqr7E+1g8Lnxk1h8+94bcOBMHCdtEwG4BdadszH7S7jbSOgQQQAABBBCYqgCBLUJg48HZIdLMPCj8wkfn/umeg5lrp7qT8z0EEi+g9Vfk2vyVie8nHUQAAQQQQCCFAgS2CIFtXIWtdvnaChufjxeYps/53+zc8Mph9WcpPDbpMgKtCmyW+dnL5ONqqNUvsjwCCCCAAAII2CtAYIsQ2A5K+ZLI4ErI4bEHQh+ddKP8gGg+b7fPhx/u+JtfH/Eut/fwoWUIWCfwXclkL5NPqt9Y1zIahAACCCCAAAJTEnAysC3r7e3KDhW2iJJ1IvJC0S/2Dg4MvFxPYFl398Ksl90svtqwa6D/8VaV9uzRnYfU/lNa/R7LT09g7bfm/d3+EW/99NbCtxFIoYCSnaKzl8lG9VIKe0+XEUAAAQQQSJyAk4FtRc+aG7WoJbt39F++vGftJiX6+V07tt1SOzoruteuEk8/UPq9ry6aamB7vRAEthEpV9LC13Brtb/n87DiWBZqzecXB0dzV+yc/7kDI95HEne00SEE4hN4Rnx9mXw6/3R8m2RLCCCAAAIIIGBCwLnAVlVd6w9C2srVqy/Rvrqq2JlbP9jXdyBECiprGS93m+fre31P7lS+unKqgY0Km4ldb+I6+17Jz7/h3zs/d6iouuPZIltBIMkC6mVR+jLZkGv5yoIkq9A3BBBAAAEEXBNwNrApT9+9c/v2+0uBTatbG10WGVTZtKfvmW5gGxkRyedFeDXj8M8/zp70L3tmf+5wUb3ftYOI9iJgscCbIuqPZGP22xa3kaYhgAACCCCAwCQCBLYmu8f4e9jK02qE04scfQ1XwudT9Tn368d8fdhXp3O0IoBA2wVGRaRXNub6275mVogAAggggAACxgWcDWyiZNJLIkM5KmxmKmLtrjSevaXr/xnf29kAAukVWEdgS+/g03MEEEAAAbcFnAtsAXfUSUdKy07zksif/eyV80SKX3F7mO1v/aItJ55mfytpIQJuCnz5Q6/9bN0Jw2+72XpajQACCCCAQDIFFi1a9J4oPXMysI2b1l/L1nDCkSDIBZ2unjGyDYHtAwUlvx0Fk2WmLnD65nd9Y+rf5psIIDCZwO+fdOTjX1zxxhMoIYAAAggggIA9AieffPIzUVrjZGCL0rF2LVO+h+0Qz2FrF2iD9Zy9pZNLIg0bs/pUC3BJZKqHn84jgAACCLgsQGBrMno8ODue3Zt72OJxZiupFSCwpXbo6TgCCCCAgOsCBLZIgY0Km+kdnQqbaWHWn3IBAlvKdwC6jwACCCDgrgCBLVJg21+5JDKctj/8Eu/L0/hP34MKm7snEVruhACBzYlhopEIIIAAAghMFCCwRQhshY5DpwyPiHTkRXg147DkPu5h4wSFgEEBAptBXFaNAAIIIICASQECW4TAdkhRYSszmasoUmEzeZizbgSEwMZOgAACCCCAgKMCBLYIge2w9/piKmtmKmuh61mbj4k0ramjxxnNRmCmBQhsMz0CbB8BBBBAAIEpChDYIgS2N4qvLz662IiI5Ku+xft2eJzzIIFtiscwX0MgigCBLYoSyyCAAAIIIGChAIEtQmALKmwWjl2imkSFLVHDSWfsEyCw2TcmtAgBBBBAAIFIAgS2CIGNCpv5iiIVtkjHKwshMFUBAttU5fgeAggggAACMyxAYGsyAN/73t5ZXSfNrkzrX57EPph6I/zhfXs8qLDN8JmAzSddgMCW9BGmfwgggAACiRUgsEUIbJ3HVQJbUGgKb1mrfg3XwedT9qHClthzDB2zQ4DAZsc40AoEEEAAAQRaFiCwRQhsXSfNP6V+EmmU0Ph9q15nbe5klsiWD1++gEBkAQJbZCoWRAABBBBAwC4BAluEwNYZXBJZr7JGLms1lzVc/hym9bfrzEBrkiZAYEvaiNIfBBBAAIHUCBDYIgQ2KmzmkykVttScc+jozAgQ2GbGna0igAACCCAwbQECW6TANvuUcHKRCa8jlQdKVyYj4fPyJCRjDhF9mHRk2scyK0BgMgECG/sHAggggAACjgoQ2JoFtr17Z3X5wT1s/JgUoMJmUpd1IyAENnYCBBBAAAEEHBUgsDULbJVp/RtWjGorSLyXjvwkFbYGPlTYHD2D0GxXBAhsrowU7UQAAQQQQKBGgMDWLLBRYYvloKHCFgszG0mvAIEtvWNPzxFAAAEEHBcgsDULbN/bO2v2cdnF5cXyMiIjEkzBwfv2erz/wXf+2PFjieYjYLMAgc3m0aFtCCCAAAIITCJAYGsW2PbunTV7aHY5sPFg7Ck/GLuZ3/sfPIbAxqkKAXMCBDZztqwZAQQQQAABowIEtmaBrVRhCwJb+UFs5Qrb0eTG+/Z4ENiMHuesHAECG/sAAggggAACjgoQ2JoFtqDC5s9ezIOzJ6kwtuExbe/fTIXN0XMIzXZDgMDmxjjRSgQQQAABBCYIENiiBLbwkkh2IGMCVNiM0bJiBAIBAhv7AQIIIIAAAo4KENiiBLagwiYiOREp1L6Wr5Qs/fD51H2osDl6BqHZrggQ2FwZKdqJAAIIIIBAjQCBrVlgG7uHLVywKqGVfsX7scQ6DQ8qbJybEDAqQGAzysvKEUAAAQQQMCdAYGsW2MJ72OrktVJFbZK8xufRfaiwmTvIWTMCXBLJPoAAAggggIC7AgS2KIGNe9iM7+FU2IwTs4F0C1BhS/f403sEEEAAAYcFCGwRAluXP39xQUYkJ3nh1YzDWZs7eQ6bwycSmm69AIHN+iGigQgggAACCNQXILBFCGxjD85mLzImQIXNGC0rRiAQILCxHyCAAAIIIOCoAIEtQmCjwma+skiFzdEzCM12RYDA5spI0U4EEEAAAQRqBAhsEQIbD86umgwznGSlza9MOsK5CQGjAgQ2o7ysHAEEEEAAAXMCBLYIgW3O8JxTzQ0Baw4E3vfNeT9CAgEEjAkQ2IzRsmIEEEAAAQTMChDYIgS23HDu1LHHrbW5ssR6yw8e/+A3FxDYzB7rrD3dAgS2dI8/vUcAAQQQcFiAwBYhsFFhM7+HU2Ezb8wWUi1AYEv18NN5BBBAAAGXBQhsEQJbqcJWKgTlZaSqJHb0fXklfD51HypsLp9GaLsDAgQ2BwaJJiKAAAIIIFBPgMAWIbBRYTN/8FBhM2/MFlItQGBL9fDTeQQQQAABlwUIbBECW6406cjIJBW0fGkaxcYVNj5v5vNBJh1x+TxC2+0XILDZP0a0EAEEEEAAgboCBLYIgY0Km/mjhwqbeWO2kGoBAluqh5/OI4AAAgi4LBBbYFvRs+ZGEbm5BuumXTu23WIz4Pf27p0VBLbaySHDNjeaNJLPywJRfQhsNh8FtC0BAgS2BAwiXUAAAQQQSKeA8cC2cvXqS7RW94nIhHAWhjil9KU7t2+/38YhKAU2PYdp/Q0/zuB9/8Zz2Gzc/2lTYgQIbIkZSjqCAAIIIJA2AaOBbVl398Kcl/2LnTu2/dVksCt71vxDwS/eNTgw8LJtA9CownY0v4T3rpUeJ1anosTn5Xv7Jvehwmbbnk97EiZAYEvYgNIdBBBAAIH0CBgNbElgpMLWMGk1SmBT+j0VtiQcLfTBYgECm8WDQ9MQQAABBBCYTCC2wLa8Z+0mJfqymsa8UPSLvTZW1sJ2hhU2diOzAlTYzPqy9tQLENhSvwsAgAACCCDgqkAsgS24NDLrZTeLrzaIp89XSj+ntVoaoDkx6Yief6pIQURywqsZh/f9W+ePXD2IaDcCDggQ2BwYJJqIAAIIIIBAPYH4ApvK3lPUxStzmcxKX3sXjPqF67KV39leYcsfyp3G7mNW4NzvLPih2S2wdgRSLUBgS/Xw03kEEEAAAZcF4glsvb1dmeHiXaWQJrmF4ukHRGSBiDhxSWR+ZM5pjSeoNzx94iTTdUzpZjFL13fuN+YR2Fw+k9B22wUIbLaPEO1DAAEEEECggUAsgS3Y9sruNR/Vog7uGuh/vDLV/xfEVxcF720eneAetrEKWzgNZNhg3pdzbBs8qLDZfBTQtgQIENgSMIh0AQEEEEAgnQKxBbZ28i7r7e3KDhW2iJJ1zap01ffPTSUcBoFt7sic06ijma3nvZcKWzsPEdaFQK0AgY19AgEEEEAAAUcFnAxswQO3taglu3f0X16ZffL5epOXrOheu6py+aVMtZo3rsJWO8i1FTY+Hy/Qgg8VNkfPIDTbFQECmysjRTsRQAABBBCoEYgtsAUhS0Rurtl+y/ewVVXX+oOQVrq80ldXFTtz6wf7+g6E6w8qaxkvd5vn63t9T+5UvrqSCpu9d+JRYePchIBRAQKbUV5WjgACCCCAgDmBWAJb5bLEPqX09Tu3b79/Ot0JA5vy9N3Buir3w93a6HluQZVNe/qe6QS20qQjIyMi+bzwasaBSUemc1TwXQSaChDYmhKxAAIIIIAAAnYKxBfY2jSF/0wEtuAetnD4wnvZeF8WaJcHFTY7TxC0KjECBLbEDCUdQQABBBBIm0AsgS1ArVwSOe0HZUe9JDIcyOlW2Pb84hfvP1xQJ0txVCSbkbFXGRWRqvd8Pi2fsx54V/CoB34QQMCAwEd/e/hjX/zga08YWDWrRAABBBBAAIEpCixatOjZKF81GtjCSyFF5PQGjWn5HrYw/EWZdKS07DQviXzx5690Z3Xxq1EwWWbqAou2nLh46t/mmwggMJnAV87b//M1xw8dRgkBBBBAAAEE7BFYtGjRmVFaYzyw5bzsX+zcse2vJmvMyp41/1Dwi3cNDgy8HKXR46b117I1nHCkXhVvuoGtNEtk1SWRUdrHMq0LcA9b62Z8A4EWBLgksgUsFkUAAQQQQMAmAaOBLehoZVKQ+0Tkptqp98OZI5XSl053MhJTqN/bq2fNHXmjfA8bD8pu24Oyaz25h83UHsx6ESgJENjYERBAAAEEEHBUwHhgC10aTOs/IcTZ5kiFLZ4RocIWjzNbSa0AgS21Q0/HEUAAAQRcF4gtsLkKNa7C5monHGg3FTYHBokmuixAYHN59Gg7AggggECqBQhsTYY/qLB1vJ0/vSAiORHh1YzDsm8f+3Sqj0Q6j4BZAQKbWV/WjgACCCCAgDEBAlvTwKZndRTeOF1GCiL5nPBqxmHZ1+cR2Iwd5qwYAe5hYx9AAAEEEEDAVQECW9PARoUtjsoiFTZXTyG02xEBKmyODBTNRAABBBBAoFaAwNY0sFFhi6OySIWNkxMCRgUIbEZ5WTkCCCCAAALmBIwGNlMPzjbHMXHNwaQjHW+/2ujB32P3tDVqU3jPG5/XFwh9qLDFuVezrRQKENhSOOh0GQEEEEAgGQJGA1sSiPbu1bNeDe5h48eoABU2o7ysHAECG/sAAggggAACjgrEFtiW96zdpERfVuP0QtEv9g4ODLxsq19YYWN2SDOzQ1Jhs3XPp10JEyCwJWxA6Q4CCCCAQHoEYglslUsjN4uvNoinz1dKP6e1Whow79qx7RabuamwxTM6VNjicWYrqRUgsKV26Ok4AggggIDrAvEFNpW9p6iLV+YymZW+9i4Y9QvXZSu/s77CxrT+xh9nQGBz/VRC+y0XILBZPkA0DwEEEEAAgUYC8QS23t6uzHDxrlJIk9xC8fQDIrJARKy/JJIKWzwHD4EtHme2kloBAltqh56OI4AAAgi4LhBLYAuQVnav+agWdXDXQP/jK1evvkRr9QXx1UXBe5sRS/ewUWGjwmbzTkrbEGguQGBrbsQSCCCAAAIIWCkQW2CzsvcRGkWFLQJSGxahwtYGRFaBQGMBAht7BwIIIIAAAo4KxBLYSpOO1NyvVu93NhqOVdhsbFyC2kRgS9Bg0hUbBQhsNo4KbUIAAQQQQCCCgNHAtqy3tys7VNgiStbVbYuWrcXO3PrBvr4DEdo6I4sEFbbfHH51CdP6m53W/5yHjn1qRgaYjSKQDgECWzrGmV4igAACCCRQwGhgC71cqabVG9+gwpY5/OqSsc/C5Bb+gvflJDdNjxUEtgSeXuiSRQIENosGg6YggAACCCDQikAsgS2p0l/tAAAgAElEQVRoUOVZbH0icnqlgdbPEBm0kwqb2cpamHepsLVy2LIsAi0LENhaJuMLCCCAAAII2CEQS2CrujSyP3xQ9oqeNTeKlrUuXBK5r7rCZse4Ja4VVNgSN6R0yC4BAptd40FrEEAAAQQQiCwQT2BzeNKRJ5/cN9ubN+t0kRGRXF6kUOdV8sLn0/M556G53MMW+bBlQQRaFiCwtUzGFxBAAAEEELBDIJbAFnR1ec/aTUr08qJf7A3eZ71snxa1e/eO/svtoKjfiiCwjc7LhJdx2txUp9tGhc3p4aPx9gsQ2OwfI1qIAAIIIIBAXYHYAltVaLss+G8t6l7bw1rQTipsIyIxVBCpsHGGQsCoAIHNKC8rRwABBBBAwJxArIHNXDfMrXmyClswOWIwaUajHz6P7kOFzdw+zJoREBECG7sBAggggAACjgrEEthcfnB2qcJ2bHAPW+WHafzbMo1/rec5X+ceNkfPITTbDQECmxvjRCsRQAABBBCYIGA0sCXhwdncwxbPUUOFLR5ntpJaAQJbaoeejiOAAAIIuC5gNLCFOC4/OHuswhZW1hpV2Ph8/APbaiuSTXyosLl+KqH9lgsQ2CwfIJqHAAIIIIBAI4FYApvL/OGkIwUZkZzkhVczDkw64vJRQtsdECCwOTBINBEBBBBAAIF6AgS2JvvFhHvY2I+MCFBhM8LKShEIBQhs7AsIIIAAAgg4KkBgixDY/FnZJVTWzFTWQtflj7zjB44eQzQbARcECGwujBJtRAABBBBAoI5AbIGt8uDs0jPYqn5eCB6kPTgw8LKtoxNU2PxjsktsbV9S2rX8WwS2pIwl/bBSgMBm5bDQKAQQQAABBJoLxBLYSpOOeNnN4qsN4unzldLPaa2WBs3btWPbLc2bOXNLjAW22kkzeD9+kpFpehDYZm4fZ8upECCwpWKY6SQCCCCAQBIF4gtsKntPURevzGUyK33tXTDqF67LVn5HhS2Ju1ZrfSKwtebF0gi0KEBgaxGMxRFAAAEEELBFIJ7A1tvblRku3lUKaZJbKJ5+QEQWiIg7l0RWKkiFgkguJyK8L1XY2uVBYLPllEA7EipAYEvowNItBBBAAIHkC8QS2ALGld1rPqpFHdw10P/4ytWrL9FafUF8dVHw3mZm7mGLZ3QIbPE4s5XUChDYUjv0dBwBBBBAwHWB2AKbq1AEtnhGjsAWjzNbSa0AgS21Q0/HEUAAAQRcF4gtsFUmHukTkdO10p9QWl0gvvqcGxW2WUuCayBzkpNCeC0k79vqsfxbc5nW3/WzCe23WYDAZvPo0DYEEEAAAQQmEYglsC3r7e3KDhW2iJJ+LWqJp/xvBG3Svrqq2JlbP9jXd8DWUaLCFs/IUGGLx5mtpFaAwJbaoafjCCCAAAKuC8QT2IJp/SszQma83G1BYCuMju50Z5bIcoWtdh772oobn1fNxlKnAjmZDxU2108ltN9yAQKb5QNE8xBAAAEEEGgkEE9gq1NhC6b2V1qfSIWNnTMQoMLGfoCAUQECm1FeVo4AAggggIA5gVgCW9D86nvYKt2xfkr/oJ3BJZGZBbOWhNPX81p+rEG7HT7wAPewmTvMWTMCQmBjJ0AAAQQQQMBRgVgCWymsOfCQ7HpjyD1s8ezZVNjicWYrqRUgsKV26Ok4AggggIDrAgS2JiNIhc1MRa22QkeFzfVTCe23XIDAZvkA0TwEEEAAAQQaCcQS2IKNVx6WvXTXjm23uDQcQWAbmZV9d71JR2on0eD9+ElHWvE475F3/LtL+wVtRcAxAQKbYwNGcxFAAAEEEAgFYglsde5fC7dv/X1sQWDTXUFga/AzIiL5SXYoPo/k88EHCWyclhAwKEBgM4jLqhFAAAEEEDApEEtgq9eBSsXt1qJf7B0cGHjZZCens24qbBMfZ9BK5SxqZZIK23T2Ur6LQFMBAltTIhZAAAEEEEDAToFYA9uK7rWrxNMPiMgCEbG+uhYMGRW2eCqIVNjsPEHQqsQIENgSM5R0BAEEEEAgbQJGAtuKnjU3KqWf27l9+/3Ljj6DbZ1o2ao9fa/S6iRX7mU7WmGbuGvk8iKF4JLHBj98Ht2HClvaTj30N2YBAlvM4GwOAQQQQACBdgkYCWxBSMsMF+/yRH1Ri3+H+GrDroH+x4NGt2PykXEhcJJKXRAcReTmYLtK6UuDANkqXNMKW6srZPm6AlTY2DEQMCpAYDPKy8oRQAABBBAwJ2AksFU3tzZciagviOhjplNhC4KYFrVk947+y5f3rN2kRD9fu77K5ZefL/rFi3OZzErtq6uKnbn1g319B1rhnKzC1sp6WHZyASps7CEIGBUgsBnlZeUIIIAAAgiYEzAe2MaFt+AB2l62T0ROr/z+plaDW1UA7A++W6rY1QljpeqalrVBSJMjR7qyXnZzdaUvKikVtqhS01uOCtv0/Pg2Ak0ECGzsIggggAACCDgqEGtgmxDeVPaeoi5e2coskWFgU56+O7jEsdFsk9VVuPCxAkrp61u9LDIMbMG9auE9abyW701rpwOBzdEzCM12RYDA5spI0U4EEEAAAQRqBGYssE11JGIPbPv2zdZvz+LB2WJ2ev8PPjiXB2dP9aDgewg0FyCwNTdiCQQQQAABBKwUcDawiZJYLon86U9/vkoy6o9EBzOXiPBqxuHULb/151YeITQKgQQI3Pq+N7582Slv/ywBXaELCCCAAAIIJEbglFNOuSVKZ5wLbEGn4px05Kc///kqPSpXRMFkmakLnPb1E/906t/mmwggMJnA7R9446t/eMoRAhu7CQIIIIAAAhYJnHzyyTdFaY6Tga322W7h7I+VafwlnMikalr//eKri8JHC0SBCZdh0pFWtKa+LPewTd2ObyIQQYBLIiMgsQgCCCCAAAI2CjgZ2OKEfHLfvtmFN3NL49xmGrf1oYfnD6ax3/QZgZgECGwxQbMZBBBAAAEE2i1AYGsiGlTYCrP10topN8KvNZqKg8/LAlF9PvTwuwhs7T66WR8CRwUIbOwNCCCAAAIIOCpAYGsW2KiwxbJrU2GLhZmNpFeAwJbesafnCCCAAAKOCxDYmgW2UoUtuCRyRETywqsZBwKb42cSmm+7AIHN9hGifQgggAACCDQQILA1C2xBhe3t3NJ61/blciKFSR5PxufRfT70IPewcZZCwKAAgc0gLqtGAAEEEEDApACBrVlgo8IWS2WRCpvJw5x1IyAENnYCBBBAAAEEHBUgsDULbJNU2CQ3yawak1Te+N5ENypsjp5BaLYrAgQ2V0aKdiKAAAIIIFAjQGCLEtiY1t/4gUOFzTgxG0i3AIEt3eNP7xFAAAEEHBYgsEUIbPJ2bsK0/hTQpK2FwnO5h83h0whNd0CAwObAINFEBBBAAAEE6gkQ2CIENh6cbf7gocJm3pgtpFqAwJbq4afzCCCAAAIuCxDYIgS2SStsBZHSbJDSoOLE55F8qLC5fBqh7Q4IENgcGCSaiAACCCCAABW2KewDT/Lg7Cmotf4VKmytm/ENBFoQILC1gMWiCCCAAAII2CRAhS1ShW320klqaI1qa/y+hbvczn1wzqBNBwZtQSBhAgS2hA0o3UEAAQQQSI8AgS1CYDvympxRd7FwWv9G6+Dzcs6N4NPz6HFPpuewo6cIxC5AYIudnA0igAACCCDQHgECW4TAVjyQO6NRha0gBclNUkni82g+K78zn8DWnmOatSBQT4DAxn6BAAIIIICAowIEtgiB7cgBOaPxrCJc+djClY8Nryzt+Q4VNkfPITTbDQECmxvjRCsRQAABBBCYIEBgixDYyhU2fkwKUGEzqcu6ERACGzsBAggggAACjgoQ2CIENipsYnzOFSpsjp5BaLYrAgQ2V0aKdiKAAAIIIFAjQGCLENiosJk/bqiwmTdmC6kWILClevjpPAIIIICAywIEtoiBLZw8hNfyJCLtdiCwuXwaoe0OCBDYHBgkmogAAggggEA9AQJb08CmZxcPvMY9bIaPHwKbYWBWn3YBAlva9wD6jwACCCDgrACBrWlg2zc7uCSy3RUl1je+Ukdgc/YcQsPdECCwuTFOtBIBBBBAAIEJAgS2poGNClscxw2BLQ5ltpFiAQJbigefriOAAAIIuC1AYGsa2MoVtnCxQuWxa7wvC7TLg8Dm9omE1lsvQGCzfohoIAIIIIAAAvUFCGxNA5ueXTz8Gg/ODpOZodeV35z/JAcpAggYEyCwGaNlxQgggAACCJgVILA1DWzhPWwiubqPIwvvxeLz6fhQYTN7oLP21AsQ2FK/CwCAAAIIIOCqAIGtaWCjwtYgqTZKqFP6PRU2V08htNsRAQKbIwNFMxFAAAEEEKgVILA1DWz7Zg/tlzPZdcwKrOo77gmzW2DtCKRagMCW6uGn8wgggAACLgsQ2JoGNj176K3Xzjw6vYahm7jGpu9I5/pXfXs+gc3lMwltt12AwGb7CNE+BBBAAAEEGggQ2JrsGg8//fScOd5xPDjb8CFEhc0wMKtPuwCBLe17AP1HAAEEEHBWgMDWNLD9as6cjswZVNjMVv6osDl7DqHhbggQ2NwYJ1qJAAIIIIDABAECW5TA5vnlCls4DWL4Hd6Xc2wbPKiwcXZCwKgAgc0oLytHAAEEEEDAnACBLUJgm9+ROcNsfYn63QruYTN3lLNmBEQIbOwFCCCAAAIIOCpAYIsQ2OaEFTZHB9mFZlNhc2GUaKPDAgQ2hwePpiOAAAIIpFuAwBYhsFFhM18BpMKW7hMRvTcuQGAzTswGEEAAAQQQMCNAYIsQ2OZ0+GeUZ93PiRQKdV6lkmj4fKo+q77Nc9jMHOKsFYGSAIGNHQEBBBBAAAFHBQhsEQJbUGELFwvvZeN9WaBdHlTYHD2D0GxXBAhsrowU7UQAAQQQQKBGgMAWIbCVpvWvW1lrVFHj9616Ma0/5yYEjAoQ2IzysnIEEEAAAQTMCRDYIgQ2KmxHkdpVUautUFJhM3eQs2YEuCSSfQABBBBAAAF3BQhsEQJb+cHZ/JgUoMJmUpd1I8A9bOwDCCCAAAIIuCpAYIsQ2OZm9JmuDrAr7e7+7jt3u9JW2omAgwJcEungoNFkBBBAAAEEAgECW4TA1jEusJm6KDBsSDrXv5bAxhkJAZMCBDaTuqwbAQQQQAABgwIEtgiBjQqbwT2wsmoqbOaN2UKqBQhsqR5+Oo8AAggg4LIAgS1CYAsrbLnKNPbhV3hfnta/HR5U2Fw+jdB2BwQIbA4MEk1EAAEEEECgngCBLUJgm9uZPbPVaepZvt4Dxhs/7qD7oS7uYeMchYA5AQKbOVvWjAACCCCAgFEBAluEwEaFrYxksqJIhc3occ7KESCwsQ8ggAACCCDgqACBLUJgo8Jm/kHgVNgcPYPQbFcECGyujBTtRAABBBBAoEaAwBYlsGX0meHcjbwerbSFFbd2vDLpCOcmBIwKENiM8rJyBBBAAAEEzAk4GdiW9fZ2ZYcKW0TJOhF5oegXewcHBl6uZVrRs+bG/3h0wc3B75XSl+7cvv3+VikffvpXc0oVNn6MClBhM8rLyhEgsLEPIIAAAggg4KiAk4EtCGJa1JLdO/ovX96zdpMS/fyuHdtuqR6DFd1rV4mnP1/0ixfnMpmV2ldXFTtz6wf7+g60MlalwEaFrTQbZDsqaY3WQ4Wtlb2SZRFoWYDA1jIZX0AAAQQQQMAOAecCW1V1rT8IaStXr76kXhgrVde0rA1Cmhw50pX1spvFVxt2DfQ/3gp90wpb7XOua1fO5+Wk1+in4kOFrZW9kmURaFmAwNYyGV9AAAEEEEDADgFnA5vy9N3BJY6lwKbVrbWXRVZX4ZZ1dy/Metk+pfT1rV4WGVbYysNlcp7EdK+fCpsdJwRakVgBAltih5aOIYAAAggkXYDA1mSEm1bYkr6HxNQ/KmwxQbOZtAoQ2NI68vQbAQQQQMB5AWcDmyiJ5ZLIn7z0Uk/O8/61PNIBl67zGu4HfD5Vn8VbTjrN+aOJDiBgqcCXz9v/0rrjhw5Z2jyahQACCCCAQCoFFi1a9L4oHXcusAWdinPSkef37FkxVMieGgWTZaYu8N5vnXDv1L/NNxFAYDKBC37nyJ98/pzXnkQJAQQQQAABBOwRWLx48Q+jtMbJwDZuWn8tW8PZHyvT+Es4Y2TVtP77xVcXtTrhSAAYXBI5K6vPajxNYlEklxU+bzSNZDSf1Y+8c1eUHZZlEEBgSgJcEjklNr6EAAIIIIDAzAs4GdjiZAsC27ysPqsoIlkR4dWMw3kEtjh3a7aVPgECW/rGnB4jgAACCCREgMDWZCAnVthqK0a8H19hnJoHFbaEnFHohq0CBDZbR4Z2IYAAAggg0ESAwBY1sNVZLqy4NVoFn5crklF8CGycqxAwKkBgM8rLyhFAAAEEEDAnQGCbRmAzNyzpWzOBLX1jTo9jFSCwxcrNxhBAAAEEEGifAIEtQmCbl82eVZSCZCUnvJpxOO+RLiYdad9xzZoQqBUgsLFPIIAAAggg4KgAgS1CYCvNEsmPUQEqbEZ5WTkCBDb2AQQQQAABBBwVILBFCGxU2MxXFqmwOXoGodmuCBDYXBkp2okAAggggECNAIEtQmCjwmb+uKHCZt6YLaRagMCW6uGn8wgggAACLgsQ2CIEtnmd2bN4AJvZB9Gd9xD3sLl8IqHt1gsQ2KwfIhqIAAIIIIBAfQECW4TARoXN/OFDhc28MVtItQCBLdXDT+cRQAABBFwWILBFCGyzs/KesMJWqDwX+uj7guSyufIDx7IifC6l52i36tPzyIKdLh9ItB0BywUIbJYPEM1DAAEEEECgkQCBLUJgy0nhPfUXy4lIYZI18HlUn/MfO4HAxnkKAXMCBDZztqwZAQQQQAABowIEtgiBrVRha/RTqazxeQOBiD5U2Iwe56wcAQIb+wACCCCAAAKOChDYIgS2oxW22ooZ78dX0KbuQYXN0TMIzXZFgMDmykjRTgQQQAABBGoECGwRAhsVtkmQIlbQmlUgqbBxbkLAqACBzSgvK0cAAQQQQMCcAIEtSmATeU9wp1q5flSQnORKd67xvn0ePY8x6Yi5w5w1IyAENnYCBBBAAAEEHBUgsDUZuKef/tWctya7h83Rgbet2VTYbBsR2pMwAQJbwgaU7iCAAAIIpEeAwBahwpaTYNKRsLJ2tLZWrrTxPqw1TsfjfCps6Tnr0NOZECCwzYQ620QAAQQQQKANAgS2CIFt0nvY2jAIrEKECht7AQJGBQhsRnlZOQIIIIAAAuYECGwRA1v4QOyJD8YuPyiaz8c71D5IvJkPgc3cQc6aERDhHjb2AgQQQAABBFwVILA1Gbnx97BlRUpJJPzhfbs8CGyunkJotyMCVNgcGSiaiQACCCCAQK0AgW2KFbbaihHv61cao7oQ2Dg5IWBUgMBmlJeVI4AAAgggYE6AwBapwpZ9T7mSFFbUeG23R88jXTvN7easGYHUCxDYUr8LAIAAAggg4KoAgS1ihc3VAXal3VTYXBkp2umoAIHN0YGj2QgggAACCBDYIlTYXhc5u/FiYeWt0RJ8Xq5MTu6z7rEF3+dwRAABYwIENmO0rBgBBBBAAAGzAgS2CBW2vBQbBzbyWJQ81iyvybrHjiewmT3WWXu6BQhs6R5/eo8AAggg4LAAga3lClttQuP9+MQ2NQ8qbA6fRWi6CwIENhdGiTYigAACCCBQR4DANt0KG7tVWwSosLWFkZUg0EiAwMa+gQACCCCAgKMCBLYIFbaDOTm7UBDJ5UR4NeOw6mHuYXP0HEKz3RAgsLkxTrQSAQQQQACBCQIEtmlV2GofnF27Mj4f/2Dtxj5U2Dg7IWBUgMBmlJeVI4AAAgggYE6AwBahwvZ6Ts6WSSpskhPh88aVtyg+66iwmTvKWTMCIgQ29gIEEEAAAQQcFSCwRQlspWn9eXC2yQeHM+mIo2cQmu2KAIHNlZGinQgggAACCNQIENgiBLbSPWwiYaGo9Br+jN3TxufT8uEeNs5NCBgVILAZ5WXlCCCAAAIImBMgsDWxffjpX83JU2ET0xVGKmzmDnLWjIBwSSQ7AQIIIIAAAs4KENiiVthq72ELK2qN7m3j83LFLaIPFTZnzyE03A0BKmxujBOtRAABBBBAYIIAgS1CYHu9VGHjx6QAFTaTuqwbASYdYR9AAAEEEEDAVQECW4TAFtzDVl6sMh3k2Hd4X5oesw0eVNhcPYXQbkcEqLA5MlA0EwEEEEAAgVoBAluEwPab0eJ72XXMCvRuO/57ZrfA2hFItQCBLdXDT+cRQAABBFwWILBFCGxvqDCwUVFrV0WtzH7Uc+2jBDaXTyS03XoBApv1Q0QDEUAAAQQQqC9AYGuyZ2zd+szc0QVdZwePYctmRYpVj2Pjffs8eglsnKMQMClAYDOpy7oRQAABBBAwKEBgaxbYnnlmrhp9Z9WkI+ET2cIv8r5cKZuex9pHj+WSSIMHOqtOvQCBLfW7AAAIIIAAAq4KENiaBbaqCptkjT+OzPTjzqxdPxU2V08htNsRAQKbIwNFMxFAAAEEEKgVILA1C2xjFbawktaoosbnR+9Jq1dxm9yHChsnJwSMChDYjPKycgQQQAABBMwJENiaBbatz8xVC7rOHrt1LbyXTaRccON9+d6+aXow6Yi5g5w1IyDCc9jYCxBAAAEEEHBVgMDWLLBNuIfN1aG2u91U2OweH1rnvAAVNueHkA4ggAACCKRVgMDWLLBRYWtLBa1ZBY4KW1pPQfQ7JgECW0zQbAYBBBBAAIF2CxDYmgU2Kmzt3ufqro8KWyzMbCS9AgS29I49PUcAAQQQcFzAycC2rLe3KztU2CJK1onIC0W/2Ds4MPBy7Vis6Flzo4jcHPxeKX3pzu3b7291vILnsKkFwbT+5UkzilKQ7NgDn3nfLg8CW6t7Jssj0JIAga0lLhZGAAEEEEDAHgEnA1sQxLSoJbt39F++vGftJiX6+V07tt1Szbqie+0q8fTni37x4lwms1L76qpiZ279YF/fgVb4tz7z6lw1qsvPYQsmP6yd7DB4H/7w+ZR9CGyt7JUsi0DLAgS2lsn4AgIIIIAAAnYIOBfYqqpr/UFIW7l69SX1wlipuqZlbRDS5MiRrqyX3Sy+2rBroP/xVujDCltYSeK1XGFstwOBrZW9kmURaFmAwNYyGV9AAAEEEEDADgFnA5vy9N3BJY6lwKbVrbWXRVZX4ZZ1dy/Metk+pfT1rV4WGVTY/JHCe+sOV/gg7UZjyefl+f4j+Pxu/7sG7DgkaAUCiRQgsCVyWOkUAggggEAaBAhsTUZ56zPPzPVH5tcPbGnYQ2LqI4EtJmg2k1YBAltaR55+I4AAAgg4L+BsYBMlsVwS+cLPfvaBg8Peu2VURDIivJpxOOeh3/qa80cTHUDAUoEPn3D4iv+1Yv9uS5tHsxBAAAEEEEilwOLFi38SpePOBbagU3FOOvLwtu9fdtpvH39bFEyWmbrAjlc7O6f+bb6ZBAHlqeCfRfgxJNBz3NCQoVWzWgRiFdjxm87OO5495h2xbpSN1RVYNLdQWDy3WDh1XqFw+rzRkcVzC5PdCDFuHQdGlPf8wVzuxUO53EsHc7k9hzK5N0cywT+N8zPDAv939au/nOEmpGbzixefsjhKZ50MbOOm9deyNZz9sTKNv4QzRlZN679ffHVRqxOOBIB/+Y//cq7n6U1RMFkGAQQQQCC9Akp0VsQ7Tovmf3YM7gaHZFbmJX3SHIObYNUVAU/5epaMjHbqEX+WGh7tkGF/lh72PaW1SaRhyXlDkveGpCNzRDq8YZ3PBL8zuU3WXRaYI0PFU9UvDuMRj8DtGz6xNMqWnAxsUTrGMggggAACCMQp8Jd3/suJ3qh+4vYNnzgpzu2yLQQQQACBZAsQ2JI9vvQOAQQQQCAmAQJbTNBsBgEEEEiZAIEtZQNOdxFAAAEEzAgQ2My4slYEEEAg7QIEtrTvAfQfAQQQQKAtAgS2tjCyEgQQQACBGgECG7sEAggggAACbRAgsLUBkVUggAACCEwQILCxUyCAAAIIINAGgVJgK/prbt/4pzxXsg2erAIBBBBAoCxAYGNPQAABBBBAAAEEEEAAAQQsFSCwWTowNAsBBBBAAAEEEEAAAQQQILCxDyCAAAIIIIAAAggggAAClgoQ2CwdGJqFAAIIIIAAAggggAACCBDY2AcQQAABBBBAAAEEEEAAAUsFCGyWDgzNQgABBBBAAAEEEEAAAQQIbOwDCCCAAAIIIIAAAggggIClAgQ2SweGZiGAAAIIIIAAAggggAACBDb2AQRSKrC8Z+0mJfoypfSlO7dvvz9kWLl69SVaq/u0qHt37+i/PKU8dBsBBBBItMCy7u6FWS/bp0Xtrj7Xr+hZc6MWtWSmzv8ruteuEk9/vugXLx4cGHg50YNA5xCIKEBgiwjFYggkTaAS2M7Qop6t/sPc6PdJ6z/9QQABBNIsEAY2ETlWfHXRroH+xwMPAlua9wr6bqsAgc3WkaFdCBgWCIKZJ/5BrdW7i7p4ZfAvmaU/4Cp7j1L6J75484Igt6y3tys7VNgiStaVmqRla7Eztz57pHi29vQ9wa+UiF/0i73Bfwf/Yisip4vIC8HvgvVW/sX0ARFZUP17w11k9QgggAACDQQqgW2ziLwiWuYF5/XBvr4DtYEtvOqi+vyfGxn5Pe2rq8a+U1UVk1mzDlT/zQiv4ggrZ0r0E1rUVSKyXyn937RWtwZ/M8KrOuotFwbKoC2+Vrcpkfmi5YfB9ktt0eq+6vYF/WDgEUiSAIEtSaNJXxBoQaBSSdsnWs5Vnr47uCyy/MfQu0CJfj68JCZYLlhtKbxVLqFRSl+vR7194ukHgj+4wXfDYBeuK/yjP+oXrquEuE27dmy7pbRdrU8M/9C30GQWRQABBBBok0AY2JQvN2gln609dwfn/PAf24LzfCGffzgIYlqpfZXz+mbx1YagMlcd8qr/ZlTC3heCwFVqtqeDf7j7p2fOnkcAAARdSURBVLG/BaL/U/hZ8A+AyldXhstpUd8ptaFnzY2iZW1VOCutr7TdclAs/R2qbt9MXc7ZpqFhNQhMECCwsVMgkFKBSmB7Puh+dTjzlP8NrdXSevcwVIeyILCFf2Cr/nBOuO+g9n6E4H3191LKT7cRQACBGRUYq7D5aoPK+CcGla7gqoisl70yPP+XAldVJa0SwG71/eJ6T2XvFCX9xY7cHUGQCwJfYXR0Z/APdME/6tX+Q96EvxlV98pVt6X0N6kS3oK/LY3aGVy90ah94dUdMwrMxhFoowCBrY2YrAoBlwTGApuvHhNPf9ZT+npfqy8H/2Iqnj4//INdczljqYvBJS6VCttYQAv/kNf+oaz9ffUf3/CeCZfcaCsCCCCQBIHac3G9f8Srrm6VLpesuvQxDHbKl7vDSUICl6rL4quZbpLy35qxvxnVVbnawFa93ITAVn0pZlX1rbZ9TFiShL2UPoQCBDb2BQRSKhD+cS796+hw4asi8pPg8sjS/WnDhU8FgW20I/sXlXsR+oNLWGorbOP++DaY2YsKW0p3MLqNAAJWC9QGtrGrH0Se0aIOBpcVTlbBykpuYfA3QERt0iLnVl02P3apZDXAhL8FESts1VdllCqBtRW/OhVAKmxW73o0bgoCBLYpoPEVBJIgEAa2qnsJLvuPK1FuCt6P3X9WE9jCm8/rVdiq728LLoUJ/2XWz3nXeEV/i4hwD1sSdhz6gAACiRCod7VD6bwtcnPNBCB17xGrnpCq+vEw1fewVd9jVntVRpMK29i9bhPuYZs42Qn3sCVij6QTkwkQ2Ng/EEipQHVgq74xvPYG8uoZwoI/4gFXMClJ7eUtwe8bzQbJLJEp3cnoNgIIWCtQL7CFISyYWCScuKPeLJHhLIyVgHd5dUVrwszC4T8E1lyF0eySyKrZJMdmHK6t+AW4k7XPWnwahkCLAgS2FsFYHAEEJhcohzM5d9eO/s9jhQACCCCAAAIIIDA9AQLb9Pz4NgII1BGY6QevMigIIIAAAggggEBSBAhsSRlJ+oGABQKN7mmwoGk0AQEEEEAAAQQQcFKAwObksNFoBBBAAAEEEEAAAQQQSIMAgS0No0wfEUAAAQQQQAABBBBAwEkBApuTw0ajEUAAAQQQQAABBBBAIA0CBLY0jDJ9RAABBBBAAAEEEEAAAScFCGxODhuNRgABBBBAAAEEEEAAgTQIENjSMMr0EQEEEEAAAQQQQAABBJwUILA5OWw0GgEEEEAAAQQQQAABBNIgQGBLwyjTRwQQQAABBBBAAAEEEHBSgMDm5LDRaAQQQAABBBBAAAEEEEiDAIEtDaNMHxFAAAEEEEAAAQQQQMBJAQKbk8NGoxFAAAEEEEAAAQQQQCANAgS2NIwyfUQAAQQQQAABBBBAAAEnBQhsTg4bjUYAAQQQQAABBBBAAIE0CBDY0jDK9BEBBBBAAAEEEEAAAQScFCCwOTlsNBoBBBBAAAEEEEAAAQTSIPD/AZmz8cbPnSkcAAAAAElFTkSuQmCC',
        NULL, 'Não foram suprimidas espécies ameaçadas e/ou protegidas.', NULL, NULL, NULL, '2024-04-12 14:26:35',
        '2024-04-12 14:28:26', NULL),
       (6, 'RS-15/2024', 309, 'A', '2024-01-01 00:00:00', '2024-12-31 23:59:59', NULL, NULL, NULL, NULL, NULL, NULL,
        '2024-07-15 11:38:42', '2024-07-16 11:25:47', '2024-07-16 11:25:47');
INSERT INTO `resultado_supressao` (`id`, `chave`, `servico_id`, `periodo`, `dt_inicio`, `dt_final`,
                                   `graf_area_suprimida`, `analise_supressao_vegetacao`,
                                   `analise_supressao_especies_protegida`, `analise_pilhas_cadastradas`,
                                   `analise_pilhas_especie_protetigas`, `analise_destinacao_pilhas`, `created_at`,
                                   `updated_at`, `deleted_at`)
VALUES (7, 'RS-15/2024', 309, 'A', '2024-01-01 00:00:00', '2024-12-31 23:59:59',
        'data:image/png;base64,iVBORw0KGgoAAAANSUhEUgAABWIAAAFgCAYAAAAxTQDzAAAAAXNSR0IArs4c6QAAIABJREFUeF7s3QuYXFWZ6P137dq7qq8JJCEOKjYJNzGIhHaACDSNzAfEwQsevICjQRCIOAnpECaAM4oyKozxOKgw84DhwPk86owwn88QRUFI04m5AA2ohAC5QAgQck86nU5XV9Ve39lVvVPVne6ke6Vue+9/P49PU6lau9b6rbXe6n59e20lfCGAAAIIIIAAAggggAACCCCAAAIIIIAAAgiUVECV9OpcHAEEEEAAAQQQQAABBBBAAAEEEEAAAQQQQEBIxLIIEEAAAQQQQAABBBBAAAEEEEAAAQQQQACBEguQiC0xMJdHAAEEEEAAAQQQQAABBBBAAAEEEEAAAQRIxLIGEEAAAQQQQAABBBBAAAEEEEAAAQQQQACBEguQiC0xMJdHAAEEEEAAAQQQQAABBBBAAAEEEEAAAQRIxLIGEEAAAQQQQAABBBBAAAEEEEAAAQQQQACBEguQiC0xMJdHAAEEEEAAAQQQQAABBBBAAAEEEEAAAQRIxLIGEEAAAQQQQAABBBBAAAEEEEAAAQQQQACBEguQiC0xMJdHAAEEEEAAAQQQQAABBBBAAAEEEEAAAQRIxLIGEEAAAQQQQAABBBBAAAEEEEAAAQQQQACBEguQiC0xMJdHAAEEEEAAAQQQQAABBBBAAAEEEEAAAQRIxLIGEEAAAQQQQAABBBBAAAEEEEAAAQQQQACBEguQiC0xMJdHAAEEEEAAAQQQQAABBBBAAAEEEEAAAQRIxLIGEEAAAQQQQAABBBBAAAEEEEAAAQQQQACBEguQiC0xMJdHAAEEEEAAAQQQQAABBBBAAAEEEEAAAQRIxLIGEEAAAQQQQAABBBBAAAEEEEAAAQQQQACBEguQiC0xMJdHAAEEEEAAAQQQQAABBBBAAAEEEEAAAQRIxLIGEEAAAQQQQAABBBBAAAEEEEAAAQQQQACBEguQiC0xMJdHAAEEEEAAAQQQQAABBBBAAAEEEEAAAQRIxLIGEEAAAQQQQAABBBBAAAEEEEAAAQQQQACBEguQiC0xMJdHAAEEEEAAAQQQQAABBBBAAAEEEEAAAQRIxLIGEEAAAQQQQAABBBBAAAEEEEAAAQQQQACBEguQiC0xMJdHAAEEEEAAAQQQQAABBBBAAAEEEEAAAQRCkYhtbm2dYGfcRZbE5i9fsvips1paTtZaPSoiTd4Ua6XufLqj/Wbvv888p+UqUWqh99+WWK3e61kGCCCAAAIIIIAAAggggAACCCCAAAIIIIBAKQVCkYg9o6X1DqX1fD+xOu3c88/T2r02ta/7ms7Ozh4fsD9BuyAdUzPiGTVlqNeUEptrI4AAAggggAACCCCAAAIIIIAAAggggEA0BQKfiPWSrhlxP2dpGauUda9X4epVvWrLOtGvgvWn1vt3JeoCL0ErjY11dkY/qJSet6KjY3U0p59RI4AAAggggAACCCCAAAIIIIAAAggggEA5BAKdiPWOJHDS+q6UTt/iKPt7XiK2r6frGae24T6t5Ip+wA1K6elesrUwQTv4OINyYPMeCCCAAAIIIIAAAggggAACCCCAAAIIIBBNgUAnYr0jCWJaPeonX/2K2MKp9CpmXcncmY5Zl9hp9xN+pSyJ2GgueEaNAAIIIIAAAggggAACCCCAAAIIIIBAJQQCm4j1E6ki6sxCuME34Oo/F/YBpfSV2pVpxTiaYMWKFRem0+lbKjFhvCcCCCCAAAIIIIAAAggggAACCCCAAAIIVI/AOeecc/5IehPYRGzh4Jqbm+u84wj8owlidQ0LLKV/7B9H4Cdfnfr6Jq3VYd+s65lnnvlYMpX6xkiAeQ0CCCCAAAIIIIAAAqEVcN2UiKRDOz4GhgACCCCAAAIIjEAgsolY72Zd/VWwj4pIk4jsPyPWc/POiRWlFg7+9xGY7n+J1tpZ/WbXsQkRSYoI33FgHbAPiAPEAeIAcYA4QByIYhyoTbtbJ006ctdofpbmtQgggAACCCCAQFQFQlERW+7JyyZi1289VuIJkb6k8B0H1gH7gDhAHCAOEAeIA8SBKMaBpOVsnUoitty/jvB+CCCAAAIIIBBQARKxBhO3atWquBrz3iYqX6h8iWLlC+uedc+6p/KTOEAcIA4QB/w4QEWswS8TNEEAAQQQQACByAqQiDWYej8Ra9CUJggggAACCCCAAAIIhEaARGxoppKBIIAAAggggEAZBEjEGiB7idiaMe9t2n84rH8NvzSAxzkBPHIlU6wH1gP7gXhAPCQe8nnA52FIfx6wGtytk47kjFiDXyloggACCCCAAAIRFCARazDpVMQaoNEEAQQQQAABBBBAIHQCVMSGbkoZEAIIIIAAAgiUUIBErAEuFbH9aFR4UeFFhVc+grAf2A/sB/aDL0A8IB5EKB5QEWvwywRNEEAAAQQQQCCyAiRiDaaem3VxkxJuUsJNSrhZEXGAOEAcIA4QB4gDIlTEGvwyQRMEEEAAAQQQiKwAiViDqfcSsdbYicdmfwVNJkUSBb+K8RgP1oPs/9Wc/cB+YD+wH7KHZfN5yc8L/LwU1p8Xa+rtLZwRa/ALBU0QQAABBBBAIJICJGINpt1LxKZqJh7LXx7yl4cR+stD7r3Wn07jL49zAsQ/4h/xL/8DBPuB/RDl/TDWsrdMmsTNugx+paAJAggggAACCERQgESswaRnK2JrJh6brWzwK/74nqv8wwEH1gH7gDhAHCAOEAeIA5GJAzXjqIg1+HWCJggggAACCCAQUQESsQYTvz8Rm/+DU/8PL/d/9y873NlhPJ8TwGfoMxZZH6wP9gfxgfhIfBzqDFo+H/h8qLbPBypiDX6ZoAkCCCCAAAIIRFaARKzB1OfOiD3mWIOmNEEAAQQQQAABBBBAIDQCNfWNWyYdqXaFZkAMBAEEEEAAAQQQKKEAiVgDXCpi82hUbFGxRcXWgZWb/g5hf7A/2B/sj8FxgPiQEyA+hic+UhFr8MsETRBAAAEEEEAgsgIkYg2mnopYAzSaIIAAAggggAACCIROgIrY0E0pA0IAAQQQQACBEgqQiDXA5WZd3JSLm5IlI3MTEm5Cx35nv7PfiQPEAeLA8HGAm3UZ/DJBEwQQQAABBBCIrACJWIOp9yti4yLSV9Cex3iwHvIbgv3AfmA/sB98AeIB8YB4EN54kMq4W09tOmKnwY/UNEEAAQQQQAABBCInQCLWYMqpiKUyhsoYKuSokCMOEAeIA8QB4gBxICkpu2frqU1NJGINfqegCQIIIIAAAghET4BErMGcc0asARpNEEAAAQQQQAABBEInQEVs6KaUASGAAAIIIIBACQVIxBrgkog1QKMJAggggAACCCCAQOgESMSGbkoZEAIIIIAAAgiUUIBErAHu4DNi/bPv+J47Aw8HHFgH7APiAHGAOEAcIA5EIw6QiDX4ZYImCCCAAAIIIBBZARKxBlNPRawBGk0QQAABBBBAAAEEQidAIjZ0U8qAEEAAAQQQQKCEAiRiDXC9RGy6duKkhCQkKUlJiEhSRHiMB+uB/UA8IB7yecDnIT8P8PNAlH4eUDFny6lNR3CzLoPfKWiCAAIIIIAAAtETIBFrMOd+ItagKU0QQAABBBBAAAEEEAiNAInY0EwlA0EAAQQQQACBMgiQiDVA9hKxsdpjJuVKYZMiiYRfAsZjPFgP7AfiQa4klHhIPCQeEg+JhxGIh30xl4pYg98naIIAAggggAAC0RQgEWsw71TEGqDRBAEEEEAAAQQQQCB0AlTEhm5KGRACCCCAAAIIlFCARKwB7tAVsX5l7HAVsjyfqxzGZ+gKatYH64P9QXwgPhIfh/oLGz4f+Hyo7s+HPs6INfhtgiYIIIAAAgggEFUBErEGM5+/WVfuL+78L/8mPTzOCeDB+mB/EB+Ih8RDPg/4POTngXD/PEBFrMEvEzRBAAEEEEAAgcgKkIg1mPpsRewRx0wyaEoTBBBAAAEEEEAAAQRCI9CX5ozY0EwmA0EAAQQQQACBkguQiDUgpiI2h0aFS7grXJhf5peK5vwHBPuB/cB+YD/4AsSDgfGAiliDXyZoggACCCCAAAKRFSARazD1VMQaoNEEAQQQQAABBBBAIHQCVMSGbkoZEAIIIIAAAgiUUIBErAFu7mZdEyd5N49IJpOSGOK7f9MZnseH9XHgPmF/5G6+Q3wgPhAfiA+D4wDxkfgYtM8HKmINfpmgCQIIIIAAAghEVoBErMHUr1ql47Ej9nBGrIEdTRBAAAEEEEAAAQTCI0BFbHjmkpEggAACCCCAQOkFSMQaGO8/I9avaJOEJKWgsovHeLAe8pXi7Af2A/uB/cDnZa4CnnhIPAxhPKQi1uCXCZoggAACCCCAQGQFSMQaTD0VsQZoNEEAAQQQQAABBBAInQAVsaGbUgaEAAIIIIAAAiUUIBFrgOtVxGbq3jU527RPROIFF+ExHqyH/IZgP7Af2A/sB1+AeEA8IB6EMx5Y9uZTm47YafAjNU0QQAABBBBAAIHICZCINZhyryI2U7d9cu43Ku83S/+Lx3iwHtgPxIOcAPGQeEg8JB5WTzzc2Jt2Xt8Rq9nSpxI7U06iK+kmulNuTbcbS/Sm7ERSu4m+lFvTp2OJtJZEOiOJtNY12f92rURGJOFqXZNxJeGKlXBFEtrVNd4IlVK9lnKTlkgy5v23JUlb3KRtWb0xy03aopK2Jb1OTCcd5SbjMbu3zs4ka6x0st62ehsSseSYWCo5oUb3vqvBTb6vNpY8ujaZDsr6GWvZm5tIxBr8RkETBBBAAAEEEIiiAIlYg1mnIrYAjQonKpyocMpvCPYD+4H9wH7wBYgHJY8HT25xxr6wyx7/5l49YUevPb4royfsS8fG92b0hD7XGp9y9YS0VhMyWsZrLY7Bj3wVa6KU9Niit9sx2e5YaltcudsTtt5eb6ttjbbePj6e3t40VrY1j0tv/8jEdHdF/0KLitiKrRPeGAEEEEAAAQSCJ0Ai1mDOqIitngoXKs6oOAtKxRAVolTIEq+IV8SrQ//88OSbXnI1Mf7NvekJO/rs8V2p8CRXDX7kHFET5VXiWmqbo9zttiXbE7balrD09jors70xrraNr7G2v6c2tf308eltrUenuor9eURF7IimiRchgAACCCCAAAJZARKxBgshn4g1aEwTBBBAAAEEEEAgwgKb9ln2A+sSk17dFZu8tdeavCelJ/ek1eQ+V03WWrJ/7s9XaQSUkn2JmF5fa+n1jY5ef1SNu/6UcXrd7FP2rXe0aKN3pSLWiI1GCCCAAAIIIBBNARKxBvOeS8TumZxIiCSTfZJIxCWZFOExHqwH9gPxgHjI5wGfh/w8kPt5oH1z3RG/eUNNfqvHnrQtqSfvTanJyYz2Eq7vM/jxiyYlFojH9Gs1lqxviMv68Qm97vhGWf+xpvT6lqMzew/2881Yy+WM2BLPDZdHAAEEEEAAgfAIkIg1mEsqYg3QaIIAAggggAACoRS475Wa9z6/XU1+u9ee1NWnJvekZXIyoyZntIwL5YAjNihbyeaamF5f58i6I+J6/TH17vqPjE+t/8xxfVuzFFTERmxFMFwEEEAAAQQQOBwBErEGegdUxEpcklJQAcRjPFgP+Qpx9gP7gf3AfvD/goR4EOh48KfttXX3vWJNfW1v7LSulJrcm5HJfRmZrAfelsvgJyuaBFHAEtmTsGWdaLVqX9rtFEuWyZz4yiCOhT4jgAACCCCAAALlEiARayBNRawBGk0QQAABBBBAIFACd79ac8yyTc7UTftk6p4+NTXpqpMCNQA6WwmBjIgsy/5PqWWSji2TeWpbJTrCeyKAAAIIIIAAAtUoQCLWYFa8RKx95J7J2abZUtiCi/AYD9ZDfkOwH9gP7Af2gy9APKj6eNDWaU99ZXds6rZeNbU7ZZ2W0XqCwY9JNEFgsMCrImqZKFkmbmyZzFWrIEIAAQQQQAABBKIqQCLWYObzFbFxEek7yBV4Hh/Wx/AbhP3B/mB/sD+GEyA+lDo+PPx6esJv3qw77c0ea+rupEzdl1FTDX4kogkCJgJdor2KWS8x6323veTsPpML0QYBBBBAAAEEEAiaAIlYgxmjIrYAjQqnqq9womKb9bpfgP3KfqVCOR8QIrYfvvVs4qTntsvUzfusqXv79NQ+rY4x+BGIJgiURkDL86L0MtF6mSh3mbTVvl6aN+KqCCCAAAIIIIBAZQVIxBr4779ZV/ZkAq+iK1e5k8jehMR/nPt9n+fxYX2wP4gPxEc+H/h8LPfPB7OfcU5ftSs2bVefmtqTlqmuljqDH3logkClBN7OnTOrl4jWj0tbYnWlOsL7IoAAAggggAACxRQgEWugOaAi1qA9TRBAAAEEEEAAgWIKfOf52PHL3rGnbe61pnWn5CytpbaY1+daCFRWQG8UZT0mIo9LIrZYvqq2VLY/vDsCCCCAAAIIIGAmEOhE7FktLSdrrR4VkSYRvTIdsy7pbG/P3pn1jJbWO5TW873/tsRqXb5k8VPef595TstVotTCwf8+Gj4vEdvrbDrOr3Tku3+WH99zZ/rhgAPrgH1AHCAOlDYO/NfG2FH//WbdtDf3yEf2ZKwPp11592h+luG1CARc4FlR8pgoeVKUvVRmK++wEb4QQAABBBBAAIGqFwhsIra5ubnOqW24TynrXi/J6iVePe2nO9pv9pKt2rJO9P7bS9a6Ws3K9HTPc+rrm7RWC9IxNSOeUVO0dq9N7eu+prOzs2c0M+UlYt367ceNpg2vRQABBBBAAAEETAXW7o0lvv9C7bT1e9RZu1KquTetpphei3YIhEzA+389Hhex/iDaWipz1bMhGx/DQQABBBBAAIEQCQQ2ETt4DrIVsK77anrf3l/G6hoWWEr/eEVHx4DzpLwErRJ1gZd8lcbGOjujH1RKzxv8ukPNb64idvtx8bhIX58I33FgHbAPiAPEAeIAcaDYceAf/1R/+qqd6q939lnN3WnVzHEDh/oJjecR8AT0RhHrcbFkqUhsqdyg1uCCAAIIIIAAAghUi0DgE7H54wn0O97RBLJnT4+XiPWAlchXve/+0QSFlbLNra0T7Iy7yJLYfP/YgpFOSr4iNnc7rvwXj/FgPbAffAHiAfGAeEA8GF08+NcXayf/cav14c09dvOetDRz3MBIfzLjdQgcVMA7xmCJaLVUamJLOV+W1YIAAggggAAClRQIfCLWx5t27vnnuZK5U2vnS0ql/rdouXfl0o77/X/3krR22v2Ef2TB4SZiqYil8qnYlU9cj4pKKiqJK8SB6MWB65fVn72myzp3V59q7s1w3EAlfyjmvSMh0CeiOsTN/FFs9YjcEO+MxKgZJAIIIIAAAghUjUBoErH9lbEPWErP1K6a558d6/+7UvpK7cq0YhxNsGHDhikZra7yam1F3GzNLd9xYB2wD4gDxAHiAHFgJHHgkY217/79psTkzh3xyZv3xSZUzU+FdASBiAm8ryGz/sNHJl/+5DF7X26ZmNwaseEzXAQQQAABBBAoosCkSZOy96461FdgE7HezboKz4ItPP/Vrq3/vF/5WlgR67juUcW4WVcuEStzDoXL8wgggAACCCCAgCewbEt83KK36t63cmv8fa/ttSeiggAC1SVw8tj02o9MTK793Pv2rT1pbF93dfWO3iCAAAIIIIBAtQs0NTXdMpI+BjYR6w0ufz6sNInold7xA53t7du8JK1T23CfVnKFiGxQSk/3b8jlJWxFqYWD/30kWP5rcmfEdh83mja8FgEEEEAAAQSiJfDTV5z3/uZN1frOPqu1OyUfidboGS0CgRXoFqUXidaLJBZ/RGarrsCOhI4jgAACCCCAQNUJBDoRWynN/M26KtUD3hcBBBBAAAEEqlHgkTescT9fX9u6cW+statPtWoRuxr7SZ8QQGAEAkreySZklfWI7IotktuUdwYPXwgggAACCCCAgLEAiVgDuoEVsd5dsb27o/tfPMaD9cB+IB7kBIiHxMNoxMO1e1XiO8/brev2xFp3J+V8V8sYgx8vaIIAAlUtoNeKUo+IlkXS5jxZ1V2lcwgggAACCCBQtQIkYg2mJl8R6/2C6SUahvvieXxYH+wP4sPQAsRH4mPw4+NX/9hw7qt7VOuOpNWaduVogx8paIIAAkEUUPJ8NiHrVcvOjT8dxCHQZwQQQAABBBCojACJWAN3vyI2ERdJ9onwHQfWAfuAOEAcIA5EIw7MXmI3/3l3rHX7PmlNuorz4g1+jqIJAiETWCIii0TsR6RNrQ7Z2BgOAggggAACCBRZgESsAejwFbGDK7x4PLDiCw88CivgWA+sB9ZD/iOI/VDN++H+tQ3v+fXr6qJNPeqi3oz6oMGPDjRBAIEoCGj5rYh+SFLOQzJf7YnCkBkjAggggAACCIxOgETs6Lyyr/YSscn4juOpgKMCjgq4aFTAMc/MM/E+mvF+9jM1rat3xi/ckZKLtJYagx8ZaIIAApEUUBtF6YdEy8PS5vwxkgQMGgEEEEAAAQSGFCARa7Aw/ERsrmmfiMQLrsJjPFgP+Q3BfmA/sB/YD75AMOLBvWsTx/xuo33RO72WV/36AYMfE2iCAAII5AW0PCFiPSSu9ZDMU9ugQQABBBBAAIFoC5CINZh/LxErDTuO95pyT3DuCR6Ne4LnNgrrnfXOes9/aLAfwrUfvrK09qOv7nYu3JGUi/TA/wfF4CcFmiCAAAKDBdQWEfdhEfWQtDlP4oMAAggggAAC0RQgEWsw70NXxPqVPsNV/PB87vdafIaukGR9sD7YH8QH4mO54+O/rRnT9PibsYs29VoXJTPq/QY/EtAEAQQQMBFYKtp6SFLJh2V+3ZsmF6ANAggggAACCARTgESswbxlE7ENO473b63C93ylpF8hxvdcpRgOOLAO2AfEgeqLA9cvrf2bV3Y7F+7KVb/aBj8K0AQBBBAohkBX9uZe3tEFbfajxbgg10AAAQQQQACB6hYgEWswP/srYv0CNv8aPM4VtOGRE2A9sB7YD8QD4mHVxMO7/1Iz6fG3YxdtzlW/nmjw8U8TBBBAoJQCz4grD0sm85D8Q826Ur4R10YAAQQQQACBygmQiDWwz58RO1ymrfBPjIfKxPB8/k+Q8TkwU8X6YH0UHlUxOJPH+mB9sD6G/3+6DtwfVy2pvfDVLufCnUm5SEQsg499miCAAALlFEgWVMn+upxvzHshgAACCCCAQOkFSMQaGB+yIpY8CXkS8iSjyZPkduHgfcP/zzF0RTHxhfhCfDlkfPnhmprj2jfGLtqSzFa/Zm+uyRcCCCAQOAGt/5K9uZfrPiTzEi8Frv90GAEEEEAAAQQOECARa7AoDqyIHS6DxL8PzJjggcfgm5LxePgMNPuF/cL+GO3++IdnGk5fsVU+vb3XutTg450mCCCAQBUL6PvFchbKDWpZFXeSriGAAAIIIIDAIQRIxBoskQE36+oTScQLbkbDYzxYD/mblLEf2A/sB/aD9N+sq4TxoG15/TkvbI9durtPLjb4WKcJAgggECAB/QsRdb+0OX8IUKfpKgIIIIAAAgj0C5CINVgKq7SOyxvd/KmjgR1NEEAAAQQQKJbAVUucC1/aFbt0T0painVNroMAAggEQ0D9WrTcL3PtR4LRX3qJAAIIIIAAAp4AiViDdTC4ItY/2zJbGTtExQ/PS/YvjPFhfbA/DqygJz4QH4iPo/98uPKphk+u3a0+3ZNWHzb4GKcJAgggECaBx0S598ucxH+EaVCMBQEEEEAAgbAKkIg1mNmBFbH+GX7DXYjnc2f84TO0AOuD9cH+ID4QH0cSH1/eZdXc2mlfumGvdWlvWqYYfHzTBAEEEAizwBIRfb+0xR8I8yAZGwIIIIAAAkEXIBFrMINeRWwq/s4JXgKpT/oK0ow8xoP1kE8rsh/YD+wH9oP/IWseD373TuLIe19puPTNHrm0L6MmGXxs0wQBBBCIkIDuFIktlJh1v8xWyQgNnKEigAACCCAQCAESsQbT5FXEptbuOMH/k+L9l/Bvcp7/vTN3028e5wTwYT2wH4gHxEPi4Qg/Dx5clXjPQ2/al27qiV2a1vIug49rmiCAAALRFdDykojcL8peKG1qV3QhGDkCCCCAAALVJUAi1mA+qIjNZ1Ko+KPij4o/9oOfWSQeEA+KEQ8WvFh/whObE5du3mdd6oo0GnxM0wQBBBBAwBdQ6rXskQXJvvtlfv3bwCCAAAIIIIBAZQVIxBr4UxHbj0aFKxWuVLjmIwj7gf3Afjis/fBPz9SeumKbc+m2fXKpFrENPp5pggACCCAwvMBmUbJQLNs7smAdUAgggAACCCBQGQESsQbu+xOx2baDb7bE44E3X8IDj8KbUbEeWA+sh/zHDvvB2w83Plt31nM7rEt39ll/a/CRTBMEEEAAgdEJdGUrZC1nodygXhxdU16NAAIIIIAAAocrQCLWQDCbiH1jxwmOiKQKfo/mMR6sh/6zgEWE/cB+YD+wH/y7WQ4VD2Yuqz/3zztjn9mdlI8afBTTBAEEEEDg8ARSIup+EfffpS3+wuFditYIIIAAAgggMFIBErEjlSp4HRWxVLTllwMVbVR4sh/YD74A8WAk8eDW5+tOX77NvnxnUqYbfATTBAEEEECguALeh9c9ou27Za5aW9xLczUEEEAAAQQQGCxAItZgTRxwRqx/NiTf8yc1+PkIvufyEjjgwDpgH0Q8Dnz/+doTH9sUu2Jrr3WZwUcvTRBAAAEESiuwU5TcLdq+R9rUptK+FVdHAAEEEEAgugIkYg3mfmBFrMEFaIIAAggggEBEBB58LfGe/1gfv3zTPnWFHlgyGxEBhokAAggESuBN0XK32F33yOzxXYHqOZ1FAAEEEEAgAAIkYg0mKX9GbFxS0ieO8B0H1gH7gDhAHCAOFMaB37ytj7j7xZrL39yrLs9oGWfwcUsTBBBAAIFKCSh5WbS+R3Y7d8ttyq1UN3hfBBBAAAEEwiZAItZgRqmINUCjCQIIIIBAJATeSVr2rBW1V2zosS75N1z7AAAgAElEQVTvy6hjIjFoBokAAgiEV6BTLHW33GD/r/AOkZEhgAACCCBQPgESsQbWVMRS+UflH5V/VAATB4gDB8aBL7Y3fHrNbnVFb0a93+DjlSYIIIAAAtUr0CFa3S1z7f+s3i7SMwQQQAABBKpfgESswRxxsy5uPsXNt4Sbb3HzLW6+FfGbbxXGwatX1F708i778r1p9WGDj1WaIIAAAggERUDJb0Wre6TN/k1Qukw/EUAAAQQQqCYBErEGs+ElYuWN7hMMmtIEAQQQQACB0Aj8/fLE2c9tlyt296nzQjMoBoIAAgggMBKBX0lM7pbZzlMjeTGvQQABBBBAAIGcAIlYg5XgJWJ7Vm8+UaiIoyKOijgqY4kDxIEIxoHbXmo4bdlm5/KdfdbHDD5GaYIAAgggEBoB/YBouVvmxp8NzZAYCAIIIIAAAiUUIBFrgOslYtPrdp5o0JQmCCCAAAIIBFbgh6sTxz/6pnP55l712cAOgo4jgAACCBRbQItSd4vO3CNtidXFvjjXQwABBBBAIEwCJGINZjNbEbtu84lxiUtf9pA8/8svjcs95nl8WB/sD+ID8dH/RMiVDgfz8+GX6xqO/sXrzuWb9lmXay01Bh+dNEEAAQQQCL9At4jcLXH7bvma2hj+4TJCBBBAAAEERi9AInb0ZkJFrAEaTRBAAAEEAiewPaNiX+movXLD3tgXM1rGB24AdBgBBBBAoPwCSr0jGf2vssf+vtym3PJ3gHdEAAEEEECgegVIxBrMzW/XrEkcpRpPGL7iNVcZy/PDVcTiw/pgfxAfiA9DV8xXT3y8alnNRat22Vf2ZtQpBh+VNEEAAQQQiLqAkhWScRfIjYmHo07B+BFAAAEEEPAFSMQarAUvEfseNf4Eg6Y0QQABBBBAoKoFbv+zc8oTm+IzdvZZF1d1R+kcAggggEAwBJT6WS4hG/9TMDpMLxFAAAEEECidAIlYA9tcRez4E3J1S35l33A3j+f5XOUfPv4JwgO/sz5YH+wP4kN1xMdHN9lH/OSlmhlv9agrtYht8PFIEwQQQAABBIYT2Csi35e0vUBuUt5/84UAAggggEAkBUjEGkz7/orYoTNrw/1Gzb/jlbtXDw44sA7YB1UWB76wpP6yV7vUjD5XHWvwsUgTBBBAAAEERirwJ3GzxxX8bKQNeB0CCCCAAAJhEihrIvbMc1quEqUWDgDU+uqVSzvuDxLqwStiB1c48nhgxSMeeBRWgLIeWA+sh3xevvz7Yf6zY896Zlvsyj0pdXaQPofpKwIIIIBAwAWUerj/uIIVAR8J3UcAAQQQQGBUAmVJxE479/zzXHHbZYikq5+ctcRqXb5k8VOj6n2FXkxFbPZMBiraqqyijUpb1iX7krg00jhw37rEMb96zZmxeZ/6XIU+SnlbBBBAAAEEXFH9xxXMU9vgQAABBBBAIAoCJU/ENre2TnAy+vIVS5768cFAzzr3vFmpmPpFZ3t71X8Ic7OuKGwNxogAAgiETyClRH12cd2VG/bGZmRcGR++ETIiBBBAAIEACrwqrvZu5nVfAPtOlxFAAAEEEBiVQMkTsaPqTUBenE3EJsafIOKISEr4jgPrgH1AHCAOVHscuGaJ8/+8uN26siejTg3Ixy3dRAABBBCIkoCS30pGFsiNzuIoDZuxIoAAAghES6CsidgzWlrvUFrPH0isV6Zj1iVBqIT1+01FbLQ2CaNFAAEEgizwnb/UfOAPb8dm7OizPhbkcdB3BBBAAIGICCj5kWTsBXKj2hiRETNMBBBAAIEICZQtEesdUWBn9INK6XnalWmWiq1zdeY4zzqIN+uaaDWeyCGpHJLKYbkcFkwcIA5UaxxYvkXG3PmXhhlv7VUzdG6h8oUAAggggEBABPRGcb3q2PiPAtJhuokAAggggMCIBMqaiHXS+q6UrW6IZ9SUjNLTM5Ys8P8taBWxE9ONJ+6/KYpP7ecjeJwTwCOXn2E9sB7YD8SDMsfDK1eM/fSartiMpKsmjeinAV6EAAIIIIBANQooWSwZtUButH9bjd2jTwgggAACCIxWoHyJ2Obmulh94zeyyVfXPUpr9aiINIkE82iCidb4E6kDq9Y6MPpFnSp1qsSnaMaBWztrz1i+1Z6xp0/OHe0PBLweAQQQQACBqhVQ6j7JpBfIjTWvVm0f6RgCCCCAAAIjEChbItbryxlnt37Yirl7V3R0rJ527vnnueJ6RxVM9x6PoK8HvKT/Gu39T2zwrpWyrK12xl0kos4saJB9znufM89puUqUWug9Z4nVunzJ4qdG+97eGbHZili+EEAAAQQQqAKB5VvjY777Uv3MTfusv6uC7tAFBBBAAAEESiGwTbT+rsyN/7AUF+eaCCCAAAIIlEOgrInYYg6o8MzZfIJVrh18469s4rX/HNqzWlpO1lotSMfUDO94BK3da1P7uq/p7OzsGU3fsonYgopYv22Z//KUv/wX/vKfkw/yO5f9x36I6n64fkXd3/x5uzWzN6P4PwhH82HOaxFAAAEEgirwG1H6dpkTXxnUAdBvBBBAAIHoCpQ1EVtYjZonL87RBIVJVv+82cH/5r2/EnWBl3yVxsY6/+Zho63I3V8RG4+L9PUV/A00j/FgPez/fwjYH8QH4mNJPx8e26DG3fVK3czNvdbno/tjDCNHAAEEEIikgJZeEbld5jrfjeT4GTQCCCCAQGAFypaIzVWwuossic03OQ7gUMJeklVb1olPd7Tf7L/2jJbWO2JaPeq/X+FrDqc/XiL2vdb4bOWRfxan/548HnhrbjzwKLxVO+uB9cB6yH+aHc5+uGpZzcV/2WHPTLpq8qE+H3keAQQQQACBEAs8KVq+LXOdUR83F2IThoYAAgggUMUCZU3EOml9V8pWN/gVq8Vy8c6KHXzMgJdoHfx+xUzEZs+IHbbiz6+MHa5CludzlbP4DF1BzPpgfbA/iA9Dx8f/2lQz8b5Xamdu7bUuK9ZnKNdBAAEEEEAgBAK3S519u1ynUiEYC0NAAAEEEAixQNkSsZ5h4XmtxTIdqhLWu7aXnM0oPb2wQrZYRxOsXbv2FBVLfNF7Hy0iHuLg7/74eB4f1gf7g/gwMA4QH3MCo/18+OHqhg/8/PW6s3ckrSOL9RnKdRBAAAEEEAiLwNG16df/bnLP768/oevlsIyJcSCAAAIIBEdg0qRJ/zqS3pY8EesfASCizhy6Q+ZnxB4ssTv4WALvvYt1sy4vEWvZzvyRAPMaBBBAAAEEDkfglS6n/s4XG09t31xz3OFch7YIIIAAAghEQeCid/d2fue03SuPqskU3sczCkNnjAgggAACFRRoampqG8nblzwRO5JOmLymP6n6qIg05dvnkrqyZ09PrK5hgaX0jwffiKvghmEblNLTR3ujLu+99p8RO/g27YMHwvMDb+OOz0AB1gfr42C/HrA+WB99Il9cUv/J1butmX2uvMfks5I2CCCAAAIIRFJAy/Oi1Lelzf51JMfPoBFAAAEEqlag5InY7FmtGX35iiVP/fhgCmede96sVEz9otjnx5ZC3kvETuy/WRe36zqc2814s0N7bt/E7ZvycYr9wH7I7Yf/9WrimF++Zs/cnrQ+XorPMa6JAAIIIIBAJASU+omkYrfLTWpLJMbLIBFAAAEEql6g5IlYT8A7r9UVt120vnrl0o77C1X8ClVLrNblSxYH4m6X+ytiq3566SACCCCAQNAEruio/R8v77ZnprW8K2h9p78IIIAAAghUocBqEXW7tNm/qMK+0SUEEEAAgYgJlCUR65sWHAuQZx4iOVvtc+AlYsdlxpzkiEjhbTn9x4O/++Ph+ZwXPgMdWB85AfYH+yPq8eHutbXH/vqNxMwdSWt6tX8O0j8EEEAAAQQCJ6DUQkmnbpd5tRsC13c6jAACCCAQGoGyJmLDouYlYt+VGXOSxB2RvpTwHQfWAfuAOEAcOJw48KVlYz77cpd9XUbLhLB8VjIOBBBAAAEEqk9AvS7i3i5t8QF/pVl9/aRHCCCAAAJhFSARazCzVMRS0VlYuecvISo6qeiMekUn4x99xf/dr9Qdv+jN+HU7+6wLDT6OaIIAAggggAACJgJa/1ws59syR71i0pw2CCCAAAIImAqQiDWQoyKWyrfDqXyjcpL1w/qhgtqLA19YXHv5mj32zIyWIww+imiCAAIIIIAAAocnsFmU9W2ZE7vn8C5DawQQQAABBEYuQCJ25Fb7X7k/Edt/RqxXCel/+RVhPM4J4JGrkGM9sB7YD8QDPx7+4KW6k377dmLmrpT6qMFHEE0QQAABBBBAoKgC6r/Edb8tN8b/VNTLcjEEEEAAAQSGECh5Ira5tXWCnXEXiagzh54BvTIdsy7pbG/fFpQZWrNmTaIrNv6koPSXfiKAAAIIVIfAl56qvezl3fYsqmCrYz7oBQIIIIAAAv0C20TULdJm/xQRBBBAAAEESilQ8kRsKTtfqWsPPiN2uLNB+fehzwzFBZehzhJlXbAuwrwuHn8rMeGuV2pnbUtan6rUZxfviwACCCCAAAKHEND6Pok7t8jfq+1YIYAAAgggUAqBsiZiz2hpvUNpPX/gQKiILcXEck0EEEAAgeoQuGF5zfnPbLdnJTPquOroEb1AAAEEEEAAgYMIvCCSuVXaah5FCQEEEEAAgWILlC0RmzuiQD+olJ6nXZlmqdg6V2eyv5SuXNpxf7EHVsrrHXCzLv/N4v03IeJxTgAPyd6UifXAemA/RDYefKpj7OyNe2NXl/IziWsjgAACCCCAQAkElHxT5jjfLsGVuSQCCCCAQIQFypqIddL6rpStbohn1JSM0tMzlizw/40zYiO8Chk6AgggEDKB25+Ln/rEpvisPWl1RsiGxnAQQAABBBCIjoCSReK6t8rcxF+iM2hGigACCCBQSoHyJWKbm+ti9Y3fyCZfXfcorZX3px5NIsE7muCQFbF+JehwFaE8n6sUxWfoilnWB+uD/RHo+HDFk3VfWNMdm+VqqS3lBzjXRgABBBBAAIEyCGjZIip7I69A/RVnGWR4CwQQQAABA4GyJWK9vp1xduuHrZi7d0VHx+pp555/niuud1TBdO+xQd8r1mTNmjWJrtj4kyrWAd4YAQQQQKDqBH62Pv7uB191Zu9IWtOrrnN0CAEEEEAAAQQOT0Cpf5d47Fa5Xu08vAvRGgEEEEAgygJlTcSGBXpAItavXPMH1+edjVowUp7PVbbhkxNgfbA/iA8F8aC/Mj4E8eG6pTUX/3mnM6vPlfeG5bOOcSCAAAIIIIDAAQLPiZZbZK7zGDYIIIAAAgiYCJQtEevdrGvwebBD/ZvJIMrdxk/EevkUP6/G91x+DQccWAfsgyjFgbd6YonrltbM3rTP+rtyfxbxfggggAACCCBQIQEt/yRznX+u0LvztggggAACARYoeSK2ubm5zqltuE8ruWIoJ6Xl56l93dd0dnb2BMXROyN2fHLM+8Ur9EylRBxHJCXCYzxYD+wH4kF04uE3n6v9cMe2mlk9afWhoHx+0U8EEEAAAQQQKJrAf4vO3shrVdGuyIUQQAABBEIvUPJErC8Y1OrXoVaAVxG7wx3z/mwe1s+/8j2Xh8YBB9YB+yACceCKJWO/vG5PbJaIWKH/SYEBIoAAAggggMAwAmrT//2jwFulzX4AIgQQQAABBEYiULZE7Eg6E5TX+InYoPSXfiKAAAIIFEfg3ldrJz28oWbWrpT6aHGuyFUQQAABBBBAIPACSt0jvbFb5Wa1O/BjYQAIIIAAAiUVKGsi1quKtTPuIhF1Zm5UemU6Zl3S2d6+raSjLPLFvUTsHtc7miAuqVSfOP7pqDzGg/XAfiAe5E6LDmE8/PKSmk+s2mXPSrtyVJE/VrgcAggggAACCARf4FkRuUXanD8EfyiMAAEEEECgVAJlS8TuPytW9BMrl3bc7w3ozHNarlKiLgjaGbFUxJZqOXJdBBBAoPoE/rjVGXPni/WzNu+zPlN9vaNHCCCAAAIIIFBVAlq+LnOd71ZVn+gMAggggEDVCJQvEdvaOsFJ67tStrrBr4AN6rmxVMTGQ1vxRoUzFd5UuLO/Cyt6b+4ce/bybdas3ox6f9V8ctMRBBBAAAEEEKh2gV+LuLdKW2J1tXeU/iGAAAIIlFegbIlYb1hntLTeobTb6h1H4D32jinQymp/uqP95vIO+/DejYrYw/OjNQIIIBAEgc88NXbmG3tjM4PQV/qIAAIIIIAAAtUmoN4SlblZ5iR+Vm09oz8IIIAAApUTKGsiNp+M1fO9/9ZK3Rm0JKzX7zVrdGJPbFeuOio1zO3B/TnleRFnCCd8cgKsD9YH++PAfVDh+PD7jfb476+quWlHUi6u3Mcz74wAAggggAACoRBQ8l2Z43w9FGNhEAgggAAChy1Q9kTsYfe4Ci5ARWwVTAJdQAABBEogcNsLDc2L33H+oddVJ5Xg8lwSAQQQQAABBKIooNT/Jzo2V9rU61EcPmNGAAEEEMgLlC0RO9R5sME+I3bC+4es9ByuwpF/H7ryERdchqoIZV2wLiqwLma011z24m77Ji2S4AcFBBBAAAEEEECguAL6FRGrTdrsR4t7Xa6GAAIIIBAkgZInYpubm+uc2ob7tJIrhoJRWn6e2td9TWdnZ09Q4PyKWO+mPinxbm7k/2Utj/FgPbAfiAe5PHqw4uGnFx8x76191t8F5XOIfiKAAAIIIIBAQAW0zJO5zg8C2nu6jQACCCBwmAIlT8T6/Qtq9etQvgPOiD3MCaA5AggggEDlBO57Jd70f9Y7N3X1qXMq1wveGQEEEEAAAQQiJaD1QhnrtMnVak+kxs1gEUAAAQSkbInYMFkfuiLWrwQbriKM53OVs/gMXUHM+mB9sD/KER9mP5s47+ltzk19rrw3TJ9RjAUBBBBAAAEEAiCgZJmInitz4isD0Fu6iAACCCBQJAESsQaQXkXsTr31ZIOmNEEAAQQQqAKBLywZM2NNV2xOFXSFLiCAAAIIIIBAVAWU2ila5kqb/UBUCRg3AgggEDUBErEGM+5VxO7sG3uydzhsKtUnjhP3D4WUVErEKbjJDM/jw/pgf0j/zceID5WPj6u77Ppbn6+ftyVpfcog/NMEAQQQQAABBBAohcC/SJszvxQX5poIIIAAAtUlUNZE7BktrXcorQd9wOiV6Zh1SWd7+7bqohm+N1TEBmWm6CcCCCCQF/iXF+umPPpWfN7etDoNFwQQQAABBBBAoKoEtCwSsdtkrlpbVf2iMwgggAACRRUoWyLWu1mXndEPKqXnaVemWSq2ztWZ47zRrFzacX9RR1Xii3kVsVv6xp7sVb5mK16zZ53mKr38Cli/8o3n8WF9sD+ID5WPj7M6G//2TzvseRktR5T4I4LLI4AAAggggAAChgJ6nWirTebajxhegGYIIIAAAlUuUNZErJPWd6VsdUM8o6ZklJ6esWSB/29UxFb5SqF7CCCAQEAFLntqzNfe6I59JaDdp9sIIIAAAgggEDUBJTfLHOfOqA2b8SKAAAJREChfIra5uS5W3/iNbPLVdY/SWj0qIk0iAT+aoP/sx/2LhcfinZ2LR78A64H1wH6oWDz479fjE3+ypu6mXX3qb6Lwgc4YEUAAAQQQQCBMAupB0XvnytyxO8I0KsaCAAIIRF2gbIlYD/qMs1s/bMXcvSs6OlZPO/f881xxvaMKpnuPgzQR+TNiC+7K5d+Nh+/eIQ2y/+5leODBemA/VCAO/OMLY87oeMe6qTejjg/S5wt9RQABBBBAAAEECgSeFpG50ub8ERUEEEAAgXAIlDURGw4ykQE366LikYpHKh7zW5v9wH6ogv1w5R8bP7d6lz1Pi9hh+dxhHAgggAACCCAQWYFuEdUmbfZPIyvAwBFAAIEQCZQ1EZu7YZe7SESdKUr/rdbqEkvpH1MRSwUpFbR+BpPvVFQTD0zjQW86bX32qTE3vdNrfT5En9MMBQEEEEAAAQQQ8AT+p7Q5N0KBAAIIIBBsgbIlYpubm+uc2ob7tOgntGWdGMudEStau9em9nVf09nZ2RMUygEVsUHpNP1EAAEEQixw76u1k//jtcRNe9LqrBAPk6EhgAACCCCAQJQFtPxOHLtNZqmXo8zA2BFAAIEgC5QvEdvaOsFJ67tStroh5so8LxHbF9Or/H/rbG/fFhTIXCJ218mOI5JKifAdB9YB+4A4ULk48LXltR99dmvspj5X/ioonyP0EwEEEEAAAQQQMBNQG0Qyc6Ut8V9m7WmFAAIIIFBJgfIlYoeoiM0oPd1y9TFUxFZyCfDeCCCAQHAFvrhkzBWvdMVuCu4I6DkCCCCAAAIIIGAioGdLW/zHJi1pgwACCCBQOYGyJWK9IQ44IzY7Zr0yHbMuCVI1rNfrAypi/Xui+xWyPM7dIx2PXMU064H1wH4oSTy45PG6trf2Wl+q3Eco74wAAggggAACCFRSwL1T2hI3V7IHvDcCCCCAwOgEypaI9ZKwQTyGYCjO/BmxforNfxWPczfZwSMnwHpgPbAfShEPnt1iN/7jn+u/viNpXTS6jzxejQACCCCAAAIIhE1A/7+ye9tMue3dgbnnSthmgPEggAACoxEgETsarf7XeonYXbL1A97DVJ+IExeRPhGJFzzufy3P48P6YH8QH4oXH+99rfb4X72WuHVvWp1mEL5pggACCCCAAAIIhE9AyRPiZmbK3Jq14RscI0IAAQTCJVC2RKzHNu3c889zdea4lUs77g8yo5eI3dr39geGr3jc/8fo/X+U7o928L8PVzFJ+1wlJT5DV5SyPlgf0dwft75Qe/aybTW39rlydJA/Q+g7AggggAACCCBQdAGtXxZLXSdznI6iX5sLIoAAAggUTaBsidgDz4f1xxC8c2KHrIjtH87+ClgeZwXw6K8IZj2wHtgPhxUPvrKs8dI/7bC/LiJW0T4BuRACCCCAAAIIIBAugS4Rd6a0JX4RrmExGgQQQCA8AmVLxA5Flq2QlcydQbthV64iNnc0Qb4yb7hF4Veu8fzQAvjkKn9ZH6yPoQTYH97+uGLZmJmvd8euDc9HLyNBAAEEEEAAAQRKKKBknsxxflDCd+DSCCCAAAKGAmVPxJ7V0nKy1upREWkSCV41rOdcWBFr6E4zBBBAAIFDCLyz13KuXt5465Ze65NgIYAAAggggAACCIxCQOsfytz43FG04KUIIIAAAmUQKFki9sxzWq6yVGzd8iWLn2pubq5zahvu00quUFp+ri39f8SVvyrWWbFeZa3W7rWpfd3XdHZ29gw6BmGDUnr6io6O1Z6n1y9RaqH335ZYrV7/Rut88IrYwRVsPB5Y8YkHHoUVwKwH1sPQ6+EXG2re+8C6mlv3pNVZo43RvB4BBBBAAAEEEEDAE9D/IbJ3prQduQsPBBBAAIHqEChZItZLvsbqG78Rs+QBN6N/oJSe5ydDi3nTLj+x6iV4/UTsGS2td3i8T3e03+w9r0Rd4D3n1Nc3aa0WpGNqRjyjphQmb0czHVTEjkaL1yKAAAKjE7jtz/Wn/+Et5+vJjJo0upa8GgEEEEAAAQQQQGCggF4qMX2dzE68hAwCCCCAQOUFSpaILRxaYUWsdxyB1uoHSnTj4VbE+gld7738ZKtXEeslX7VlnegnYgv/23+dNDbW2Rn9YGGCeKTT4VfEOvH8zaj8m1LxPXdzKhxwYB2wD0ziwOznGqc/t92+1dVSP9KYzOsQQAABBBBAAAEEDiag10vGnSnzah7HCQEEEECgsgJlScQOSMq2tk6wM+4iEXVm9t+1vvpwE7KFVa9eIta77P4jCAquX5ig9Y8vsCQ2f7THE+QrYr0/qfX/tJrvuT+xxgEH1gH7wCwOXNFRe+Wartjsyn4s8u4IIIAAAggggEAIBZT0iqtnytz4gyEcHUNCAAEEAiNQ9kTs4KSsk9Z3pWx1Q2d7+zZTtcJErHeN7Hm0op/wEryFz9m19Z/3q2MPNxG7tW/rB6j4o+LPpOKPdcO6Yd0cWDH+6SVj57+zz/qc6ecA7RBAAAEEEEAAAQRGJHCrtDnfG9EreRECCCCAQNEFKpqILdZoBiRiBx05cFZLy8laqweU0ldqV6YV42iCtWvfOEVbcnmx+s91EEAAgagKvLrHbrjpuSMufmmXc2JUDRg3AggggAACCCBQToHTxyWferhl6y/L+Z68FwIIIBB2gUmTJv37SMYYvkTsoIrY7DmykrkzHbMucVz3qGLcrMtLxFq2/qYHrLPn0+a/eIwH64H94AsQDw4eDzq21Bx52wtjT399b+zIkXxg8RoEEEAAAQQQQACB4gicNi712o/+ekdHU31mX3GuyFUQQACBaAs0NTV9dSQCoUvEemfE+scO9J9Du0EpPX1FR8dqD2T/2bEiA/59JFj+a3JnxO76wGja8FoEEEAAgbxA2zO156/YGrs17cp4XBBAAAEEEEAAAQQqIaCfFpHrpC3+QiXenfdEAAEEoigQikRsuSfOS8RuSr09JXtLopSI4xTcmofHeLAe8rdsYz+wH4bYD1ctP/Lzq7ucm8odu3k/BBBAAAEEEEAAgQME3hTJzJS2mt9ggwACCCBQegESsQbGXiJ2W2rbFIOmNEEAAQQiLfDZJWNmb+yxZkQagcEjgAACCCCAAALVJeCK0jNlTvy+6uoWvUEAAQTCJ0Ai1mBOc4nYt6eIxEWkr+AKPMaD9ZDfEOwH9kN+P7y9ryZ+3YqGb27rsy42CLs0QQABBBBAAAEEECi1gOt+S25M3Fbqt+H6CCCAQJQFSMQazP7+itjs2QTe3cH4jgPrgH1AHBguDnRsdI78zkt13+pKqbMNQi5NEEAAAQQQQAABBMoloORHMse5oVxvx/sggAACURMgEWsw41TE+mhUPFLxSAVwPoSwH4baD7/cUPfen66t/9betDrNINzSBAEEEEAAAQQQQKDcAkr9TObYXyz32/J+CCCAQBQESMQazDIVsVT+UQFMBTAVwIeOA3e/WHvSQ9DsfNkAACAASURBVBvj3+rNqBMMQi1NEEAAAQQQQAABBColoNRvJRn7vMxXeyrVBd4XAQQQCKMAiViDWR14sy6vItCrhPO/eIwH64H9QDy4fVXd6Y+9Ff9eWssEgzBLEwQQQAABBBBAAIFKCyhZITrzBWmrWV/prvD+CCCAQFgESMQazGQ2ESvbpmSPhk2JOE7BUbE8xoP1kC8YZj9Ecj/M7aw/t2OT868G4ZUmCCCAAAIIIIAAAtUl8Koo/SWZE19ZXd2iNwgggEAwBUjEGswbFbFUfOaXDRXQVECzHwr3w6xnx01/drv9zwahlSYIIIAAAggggAACVSmgtomSL8sce1FVdo9OIYAAAgESIBFrMFlDVsT6lX/DVQDyfK4yEJ+hKyRZH6yPEOyPK5c0XPbibvsWg7BKEwQQQAABBBBAAIGqFlCuWHKV3GA/WNXdpHMIIIBAlQuQiDWYoIEVsQYXoAkCCCAQMoEvLW+csaYrNjtkw2I4CCCAAAIIIIAAAoUCyporc2I/BAUBBBBAwEyARKyBm5eI3S3bpog4kpJU9ubpuS//cfb02ILHPI8P64P9Ed748D/aG6/f0B272iCc0gQBBBBAAAEEEEAgaAJK/lnmOP8UtG7TXwQQQKAaBEjEGswCFbEGaDRBAIFQCnzyqTH/uKXXujSUg2NQCCCAAAIIIIAAAkMLKHWPzLG/Bg8CCCCAwOgESMSOziv7ai8Ruz296ZThK/wGV8TyeGCFMB54FFaMsx6Cuh4ufGLsXV0pdbZBGKUJAggggAACCCCAQNAFlPqlzLEvD/ow6D8CCCBQTgESsQbaixe/VmOPT0zJnkmQyyfxHQfWAfsgMnHg5e123aznjljYm1EnGIRQmiCAAAIIIIAAAgiERkA9Jm32RaEZDgNBAAEESixAItYA2EvE1v5VwxSDpjRBAAEEAi3wu7fiR93+Yt0vM1rGBnogdB4BBBBAAAEEEECgWALPSpvz18W6GNdBAAEEwixAItZgdqmIpQKYSmgqwaNYCf/gK3WTfvpa/a8MwiZNEEAAAQQQQAABBEItoNZLW+x4EaVDPUwGhwACCBymAIlYA8CBFbH+3+QPdyGez/3NPj5DC7A+WB/B2B/fX1V7ysMbEw8YhEyaIIAAAggggAACCERCQO2SdOwkuUlticRwGSQCCCBgIEAi1gAtWxH7V4kpjjiSypZG5r4OPCKT5/FhfbA/gh8fbn3hiJYl7zj/0yBc0gQBBBBAAAEEEEAgagLaPUXmJlZFbdiMFwEEEBiJAInYkSgNeg1nxBqg0QQBBAIpcPWKhstW7bJvDmTn6TQCCCCAAAIIIIBApQTOlzanvVJvzvsigAAC1SpAItZgZoaviB1cAcvjgRWxeOBRWCHMeqj29fC5JWOu37DXusogTNIEAQQQQAABBBBAIOoCSn1W5tjcXyDq64DxI4DAAAESsQYLgopYAzSaIIBAoAQ+3j7mtq291iWB6jSdRQABBBBAAAEEEKguAWV9TebE7qmuTtEbBBBAoHICJGIN7AsTsV5FW+6sWP+M2Nxj/4vn8WF9sD+CFh8ufGLsPV0pdYZBeKQJAggggAACCCCAAAIDBVz3W3Jj4jZYEEAAAQRESMQarIL9idgD784lBRnZoe7exfP5jBQ+rB/2QxXuh4/+YeyDPWk1xSA00gQBBBBAAAEEEEAAgeEE7pQ2h/sOsD4QQCDyAiRiDZbA4DNicxWPfuUn3/FgPbAfghkHznt8zK+SGWuSQVikCQIIIIAAAggggAACBxfQ8iOZ69wAEwIIIBBlARKxBrN/QEWsfw2/wpHHOQE8chWfrAfWQwD2Q8tjRzzS58rRBiGRJggggAACCCCAAAIIjExAq/tkrn3tyF7MqxBAAIHwCZCINZhTbtZlgEYTBBCoWoFzfn/Eb9NaJlZtB+kYAggggAACCCCAQHgEtP6ZzI1/MTwDYiQIIIDAyAVIxI7cav8rvUSsc3TilGzJZyqVq/zMfvEYD9YD+yFY8aD1yaN+l3ZlvEEopAkCCCCAAAIIIIAAAmYCWh6Wuc5lZo1phQACCARXgESswdxlE7ETvEQsXwgggEAwBdbstmu/8syRj2RExgZzBPQaAQQQQAABBBBAINACWn4rc52/DfQY6DwCCCAwSgESsaME815+YEWsfxiqXxHL49zhqHjkKoRZD6yH6toPizdb4775/JiHXS0NBiGQJggggAACCCCAAAIIFEvgSWlzLijWxbgOAgggUO0CJGINZoiKWAM0miCAQFUIPPxGw3vuWlP7C1dLbVV0iE4ggAACCCCAAAIIRF1gubQ5H4k6AuNHAIFoCJCINZjnxa+9VuMkG07J1TmmxBHHr/8c4jvP48P66K8HZX/k6sQLHMobH+55tfaE/70u8YAWiRuEPpoggAACCCCAAAIIIFAqgRckZp8ls1WyVG/AdRFAAIFqECARazALVMQaoNEEAQQqKvCDVxpO/fWbtfdqLbGKdoQ3RwABBBBAAAEEEEBgaIFXJGFPk+vVToAQQACBsAqQiDWY2cEVsbkaN7/Sza/947FfMYwP64P9Udl48K0/1Z35+NvxnxiEO5oggAACCCCAAAIIIFBGAf2GaOcjMle9VcY35a0QQACBsgmQiDWg3l8RO/BvjAf/zTGP8Sn8G3TWA+uhIuth/l/GnP/HzYl/MQh1NEEAAQQQQAABBBBAoBICW8XKnC031KypxJvznggggEApBUjEGugOrIglv0Z+rSL5tUFnjbIOWYcHrsPrn274WOd2+1sGYY4mCCCAAAIIIIAAAghUUEDtEdc9V26M/6mCneCtEUAAgaILkIg1IM1XxDoiqdRBMmA8jw/rY/iMMfujlPtjVueRn3x+p/2PBiGOJggggAACCCCAAAIIVINAWmL2uTJbraiGztAHBBBAoBgCJGINFKmIpQLUPwmY71TiVmMl7jUrGj795532LQbhjSYIIIAAAggggAACCFSbwAXS5jxZbZ2iPwgggICJAIlYAzU/EZtrOlwqzr8wzw+dqsOH9cP+KUX8uG7ZuM+s2h37B4PQRhMEEEAAAQQQQAABBKpTQKmPyxx7UXV2jl4hgAACIxcgETtyq/2v9BKxdcmGUwya0gQBBBAomcCXlzV+/qXdsRtL9gZcGAEEEEAAAQQQQACBSglo93MyN/GflXp73hcBBBAohgCJWANF74xYdVTsg9lKz+wZsQV/nMxjPFgP+Upx9kPZ9sN1KyZ84ZU9zg0GIY0mCCCAAAIIIIAAAggEREB/WdriDwSks3QTAQQQOECARKzBovAqYuN7az5o0JQmCCCAQNEFvrxi7Jde3eP8fdEvzAURQAABBBBAAAEEEKg6Aet6aYv9W9V1iw4hgAACIxAgETsCpMEv8RKxam/NB/062OEuwfO5EzDxGVqA9cH6KMb++MqKI7+8dk/sqwahjCYIIIAAAggggAACCARTQMk8meP8IJidp9cIIBBlARKxBrO/vyLW+xN070+v/S//8f6TCngeH9YH+6NfoATx4UsdDV9Z1x271iCM0QQBBBBAAAEEEEAAgaALfEPanNuDPgj6jwAC0RIgEWsw335FrEFTmiCAAAJFE7hk8bh/705bpxftglwIAQQQQAABBBBAAIHgCLRLm3N+cLpLTxFAAAERErEGq+CAitjBFbA8zv3N+XAVgPjgw/ooyv646LFGErEGMZwmCCCAAAIIIIAAAqEQIBEbimlkEAhES4BErMF8Dz4jdn9eMX+v+Fweksc4sA7YByWMAxdREWsQwWmCAAIIIIAAAgggEBIBErEhmUiGgUCUBEjEGsx2tiK2r/GD2abeGbFe5af/xWM8WA/shzLFAypiDQI4TRBAAAEEEEAAAQTCIkAiNiwzyTgQiJBAKBOxZ7W0nKy1elREmkT0ynTMuqSzvX2bN69nntNylSi10PtvS6zW5UsWPzXa+aYitv8v60tY6UdFMRXVVJQfep9RETva6M3rEUAAAQQQQAABBEIkQCI2RJPJUBCIikDoErHNzc11Tm3DfVr0EyuXdtw/7dzzz9PavTa1r/sap76+SWu1IB1TM+IZNcX/987Ozp7RTHjujNjGD+b+5rq/IvaA7/7fpPN8/qxYp8ALH9YP++dw4wcVsaOJ3LwWAQQQQAABBBBAIGQCJGJDNqEMB4EoCIQvEdvaOsHO6AeV0vNWdHSs7q+OzSZf7bT7CSXqAi8pK42NdYWvG81k779ZV0FFqN/er+TkcU4Aj1xlK+uB9VCK/UBF7GgiN69FAAEEEEAAAQQQCJkAidiQTSjDQSAKAuFLxA5REeuK6yVmp2tXpmnLOvHpjvabm7MJW3eRJbH5oz2eYMAZsVFYJYwRAQSqUoCK2KqcFjqFAAIIIIAAAgggUB4BErHlceZdEECgiAKhS8R6NoVnxCotP9dKjvAqZIuaiN1bk71ZFxWfVHxS8ZqPSOyH8u4HKmKL+GnIpRBAAAEEEEAAAQSCJkAiNmgzRn8RQEBCmYgtnNdSHE2wet26D1oSv4z1gwACCFRS4MInjvrShr2xYyvZB94bAQQQQAABBBBAAIFKCBxdm3l52UWb7qzEe/OeCCCAwGCBSZMmPTASldAlYv2bdSll3esdOXBGS+sdHoR3HEFhUvZwbtblJWIdiX0vm8bWInzHgXXAPqhEHPhE+8SzXtrtjB9JsOc1CCCAAAIIIIAAAgiESeCkMal3Hvubrb8L05gYCwIIBFegqanpyyPpfegSsd6gBx9N4N2cq7Ozs8d77sxzWq4SpRaKyAbv3Fjvhl4jgSp8jXdGbKyn5lRbRNIFT/AYD9ZDfkOwH0q/Hy58cty/daet00cbw3g9AggggAACCCCAAAIhEOBoghBMIkNAIGoCoUzElnoSs4nY3fap4tgiqbTwHQfWAfugEnHgYyRiSx3uuT4CCCCAAAIIIIBA9QqQiK3euaFnCCAwjACJWIOl4VfEGjSlCQIIIFA0ARKxRaPkQggggAACCCCAAALBEyARG7w5o8cIRF6ARKzBEhiQiOU28eW9TTzeeDsFmzbi64FErEEApwkCCCCAAAIIIIBAWARIxIZlJhkHAhESIBFrMNmDz4j1z8Lke+5MTBxwYB2UZx9wRqxBAKcJAggggAACCCCAQFgESMSGZSYZBwIREiARazDZB62IHXy9wRV7PD9QAJ+BFa6sD9ZHocAh9gcVsQYBnCYIIIAAAggggAACYREgERuWmWQcCERIgESswWTnK2IdSUuqoAKUx3iwHvIV0eyHUu+HC59s/LfutHW6QRijCQIIIIAAAggggAACQRcgERv0GaT/CERQgESswaRzsy4DNJoggEDRBaiILTopF0QAAQQQQAABBBAIjgCJ2ODMFT1FAIF+ARKxBkvBS8QmehpP9Uph0+mU2LZTcChoSqTgMc/jw/pgf+QPTy5ufLjwMSpiDUI4TRBAAAEEEEAAAQTCIUAiNhzzyCgQiJQAiViD6aYi1gCNJgggUHQBKmKLTsoFEUAAAQQQQAABBIIjQCI2OHNFTxFAoF+ARKzBUth/Rqzt5Cpipf8sTB7jwXpgP5QxHlARaxDAaYIAAggggAACCCAQFgESsWGZScaBQIQESMQaTDYVsQZoNEEAgaILUBFbdFIuiAACCCCAAAIIIBAcARKxwZkreooAAv0CJGINloKXiLW7aj/knRGbP/tRhMd4sB7YB+WMA9OfHHdPd1qdbhDGaIIAAggggAACCCCAQNAFSMQGfQbpPwIRFCARazDpXiJWd9kfMmhKEwQQQKBoAp/omHhPd9oiEVs0US6EAAIIIIAAAgggECABErEBmiy6igACOQESsQYrgYpYKl+pfKXytZyVr8OtNypiDQI4TRBAAAEEEEAAAQTCIkAiNiwzyTgQiJAAiViDyfYrYh1xJCUp4TsOrAP2QSXiwPSOI6mINYjhNEEAAQQQQAABBBAIhQCJ2FBMI4NAIFoCJGIN5jtbEdtTy9EEBnY0QQCB4glMXzzunu4UZ8QWT5QrIYAAAggggAACCARIgERsgCaLriKAQE6ARKzBShhcESviiEhKBn/3K+R4Hh/WB/ujFPGBiliDAE4TBBBAAAEEEEAAgbAIkIgNy0wyDgQiJEAi1mCyqYg1QKMJAggUXYCK2KKTckEEEEAAAQQQQACB4AiQiA3OXNFTBBDoFyARa7AUchWxtR9ybJFUWoTvOLAO2AeViAPcrMsggNMEAQQQQAABBBBAICwCJGLDMpOMA4EICZCINZhsKmIN0GiCAAJFF6AituikXBABBBBAAAEEEEAgOAIkYoMzV/QUAQT6BUjEGiwFKmKpgKUClgrYSlTADl53VMQaBHCaIIAAAggggAACCIRFgERsWGaScSAQIQESsQaTTUWsARpNEECg6AJUxBadlAsigAACCCCAAAIIBEeARGxw5oqeIoBAvwCJWIOlMCARmxYRu+AiPMaD9ZDfEOyHku4HKmINAjhNEEAAAQQQQAABBMIiQCI2LDPJOBCIkACJWIPJXvyarrF7Nn8ol2HxM018x4P1wH4obxyYvnjMPd0pdbpBGKMJAggggAACCCCAAAJBFyARG/QZpP8IRFCARKzBpHsVsbLDOc3Lw6bTInZB/o3HeLAe8v//BPuhtPvh4x0T7+5Ok4g1COM0QQABBBBAAAEEEAi+AInY4M8hI0AgcgIkYg2m3KuIla63TqMClApQKkDLWwGK90Dvjy8ZdzcVsQZBnCYIIIAAAggggAACYRAgERuGWWQMCERMgESswYRnK2K7nNMMmtIEAQQQKJrAx5dMJBFbNE0uhAACCCCAAAIIIBAwARKxAZswuosAAiIkYg1WQa4idvNpjiOSSuUv4IhIwUPheXxYH+wPX6AU8eHiJ6mINQjhNEEAAQQQQAABBBAIhwCJ2HDMI6NAIFICJGINppuKWAM0miCAQNEFqIgtOikXRAABBBBAAAEEEAiOAInY4MwVPUUAgX4BErEGS2G4itjBlxpcEcvzAwXwGVgxzPpgfRQKjGR/UBFrEMBpggACCCCAAAIIIBAWARKxYZlJxoFAhARIxBpMNjfr4iZd3DSKm3RVw836uFmXQQCnCQIIIIAAAggggEBYBEjEhmUmGQcCERIgEWsw2YMrYv3KNb7nKjxxwIF1UJ59QEWsQQCnCQIIIIAAAggggEBYBEjEhmUmGQcCERIgEWsw2VTEUhFLRSwVsVTEGgRPmiCAAAIIIIAAAgggUDwBErHFs+RKCCBQJgESsQbQVMRS8UnFZ3kqPnE+uDMVsQYBnCYIIIAAAggggAACYREgERuWmWQcCERIgESswWT7iViDpjRBAAEEiibAGbFFo+RCCCCAAAIIIIAAAsETIBEbvDmjxwhEXoBErMES8BKxzr7Np3lNUyLiHOQaPI8P62P4DcL+OLz9QUWsQQCnCQIIIIAAAggggEBYBEjEhmUmGQcCERIgEWsw2VTEGqDRBAEEii5ARWzRSbkgAggggAACCCCAQHAESMQGZ67oKQII9AuQiDVYCgeriB1c4cfjgRV/eOBRWCHMeji89UBFrEEApwkCCCCAAAIIIIBAWARIxIZlJhkHAhESIBFrMNleIjaz862pYouId/N4/8t/PPg7z+cE8MmtF9bHQAf2h/H++FTHxJ90p9TpBmGMJggggAACCCCAAAIIBF2ARGzQZ5D+IxBBARKxBpPuJWLVnrem5mrZ/Jo+vuPBemA/lDcOfKLjyJ90kYg1iOI0QQABBBBAAAEEEAiBAInYEEwiQ0AgagIkYg1mfNiK2MHXGlwxy/MDBfAZWFHN+mB9FAqMYH9QEWsQwGmCAAIIIIAAAgggEBYBErFhmUnGgUCEBEjEGkw2FbFUflL5Wd7KT7yH9qYi1iCA0wQBBBBAAAEEEEAgLAIkYsMyk4wDgQgJkIg1mGy/Ita2RdIFZ376jwd/988E5fmcFz4DHVgfubOW2R+j3x+XcEasQQSnCQIIIIAAAggggEBIBEjEhmQiGQYCURIgEWsw27mK2C1TDZrSBAEEECiaABWxRaPkQggggAACCCCAAALBEyARG7w5o8cIRF6ARKzBEjhURezgCkceD6x4xAOPwgpY1oP5eqAi1iCA0wQBBBBAAAEEEEAgLAIkYsMyk4wDgQgJkIg1mGwqYg3QaIIAAkUXoCK26KRcEAEEEEAAAQQQQCA4AiRigzNX9BQBBPoFSMQaLIVsReyet6ba4khaUsJ3HFgH7INKxIFLOo78SXdKnW4QxmiCAAIIIIAAAggggEDQBUjEBn0G6T8CERQgEWsw6VTEGqDRBAEEii5ARWzRSbkgAggggAACCCCAQHAESMQGZ67oKQII9AtELhF75jktV4lSC73xW2K1Ll+y+KnRrob/XLaxdlyDOi1fAZe96ftBKmN5Hh/Wx/AVo+wP0/1BRexoozevRwABBBBAAAEEEAiRAInYEE0mQ0EgKgKRSsSe1dJystZqQTqmZsQzaorW7rWpfd3XdHZ29oxmwr1E7MSG+GmjacNrEUAAgWILUBFbbFGuhwACCCCAAAIIIBAgARKxAZosuooAAjmBSCVivWpYJeoCL/kqjY11dkY/qJSet6KjY/VoFsTARGxKRJyC5jzGg/WQ3xDsh1LuBxKxo4ncvBYBBBBAAAEEEEAgZAIkYkM2oQwHgSgIRC4Rqy3rxKc72m9ubm2dYGfcRZbE5o/2eAIvETu+1poqtvh/U8333N9W44AD66CM++DS9gk/6UpbU6PwYcUYEUAAAQQQQAABBBAYJEAiliWBAAKBEyAReziJ2IK843Az7+fleH5oAXxyeUvWB+tjKIFD7Y9PLp3wk24SsYH74KXDCCCAAAIIIIAAAkURIBFbFEYuggAC5RSIXCK2GEcT/OXl9adasdinxBIRN3vXL77jwDpgH5Q9Dkz/w8Qvv9FjH1vODw3eCwEEEEAAAQQQQACBahB4V03mpRUXb7q9GvpCHxBAAIFJkyb9ciQKkUrEFutmXb/+/ZKPH/uecV8fCTCvQQABBEol8NTW+jGlujbXRQABBBBAYKQCSpT3f8nzhQACCJRd4NwJe7vK/qa8IQIIIDCEwNQPfuAjI4GJVCLWA/Fu2CVKLRSRDUrp6aO9UZd3jVt+cO+JErO+NRJgXoMAAggggAACCCCAAAIIIIAAAggggAAC4RX43pyvXD6S0UUuETsSFF6DAAIIIIAAAggggAACCCCAAAIIIIAAAggUU4BEbDE1uRYCCCCAAAIIIIAAAggggAACCCCAAAIIIDCEAIlYlgUCCCCAAAIIIIAAAggggAACCCCAAAIIIFBiARKxJQbm8ggggAACCCCAAAIIIIAAAggggAACCCCAAIlY1gACCCCAAAIIIIAAAggggAACCCCAAAIIIFBiARKxJQbm8ggggAACCCCAAAIIIIAAAggggAACCCCAAIlY1gACCCCAAAIIIIAAAggggAACCCCAAAIIIFBiARKxJQbm8ggggAACCCCAAAIIIIAAAggggAACCCCAAIlY1gACCCCAAAIIIIAAAggggAACCCCAAAIIIFBiARKxJQbm8ggggAACCCCAAAIIIIAAAggggAACCCCAAIlY1gACCCCAAAIIIIAAAggggAACCCCAAAIIIFBiARKxJQbm8ggggAACCCCAAAIIIIAAAggggAACCCCAAIlY1gACCCCAAAIIIIAAAggggAACCCCAAAIIIFBiARKxJQbm8ggggAACCCCAAAIIIIAAAggggAACCCCAAIlY1gACCCCAAAIIIIBAKAXOPKflKlFq4eDBWWK1Ll+y+KlKDPqslpaTtVYL0jE1o7O9fVsl+sB7IoAAAggggAACCFRGgERsZdx5VwQQQAABBBBAAIESC3iJWCXqgtS+7ms6Ozt7Svx2XB4BBBBAAAEEEEAAgYMKkIhlgSCAAAIIIIAAAgiEUuBQidj+6tRHRaRJRK9Mx6xLHNc9qrBitbm1dYKd0Q8qpeet6OhYfUZL6x1K6/lZMK2vXrm04/7m5uY6p7bhPlfJOCVysVdx29fT9Yz3b1rJFd5L/SrcworYmCvzROsPeW38aw11/VBODoNCAAEEEEAAAQQiKEAiNoKTzpARQAABBBBAAIEoCBwsEZtLsLqLLInN944p8BKglquPSe3rvsGpbbhLKete79+nnXv+eVq713pVtXZt/ef9Clunvr5Ja/WoJdYMP+nqWmrj0x3tN3u23vW8795j7xr/f3t3jCJFEIUBuHrcSNjU1MwrGBt6BVPBEwhiarYnEIwMvYQgm+gNBLNNTXU0cGdKXs+UlO0yljW7Mw1+0S7T9aqrPzr6ebxep3WEuQ83+e1mNEEEsdt7jh27m1EK6UkVCI/7H2uMwv/wjnhGAgQIECBAgMAhBQSxh9R2LwIECBAgQIAAgYMJXDkjdtvFuglHV2cResas1j86Vbch6tihul5/uvy+fDN2uKb8NrpgS9h61bVpyFs6ZiPczcPqcx3ElrC23q/ev75+MDg3IkCAAAECBAgQuBEBQeyNsNqUAAECBAgQIEDg2AK7OmK3XarvJme8iK7VId+6M3bB5svnJ4uTlzGW4MdyeVGPGih1eRjOVssvL+Ja6aItQWxKw/3f9s/58bBI7+sgNoLcerxBHfTG+fNica902R7b0/0JECBAgAABAgT2ExDE7uenmgABAgQIECBAYKYCfwtiy8iB6Ye8ylzYnNPrNKQHq29fn8Yj1mFr/ch1x2uMEZjOla3XTjtvSxAba0r3rY7Ymb5QjkWAAAECBAgQ2FNAELsnoHICBAgQIECAAIF5CvzLjNh6PmuMKvj10aztKIN4wnq/dHp6O2bMppxelbEFpSO2hKrxN7pZy0fBYt7rdDRBHcSaETvP98ipCBAgQIAAAQLXJSCIvS5J+xAgQIAAAQIECMxKYFcQGwctAWlK6W5KaRxL8OH8/GNcqz+wVX4rAeuQ87P4P8YSRNA67YiN5lS5iQAAAglJREFUa+W3PKRHI8o20N3VETvdv9TMCtVhCBAgQIAAAQIEugUEsd10CgkQIECAAAECBAgQIECAAAECBAgQINAmIIhtc7KKAAECBAgQIECAAAECBAgQIECAAAEC3QKC2G46hQQIECBAgAABAgQIECBAgAABAgQIEGgTEMS2OVlFgAABAgQIECBAgAABAgQIECBAgACBbgFBbDedQgIECBAgQIAAAQIECBAgQIAAAQIECLQJCGLbnKwiQIAAAQIECBAgQIAAAQIECBAgQIBAt4AgtptOIQECBAgQIECAAAECBAgQIECAAAECBNoEBLFtTlYRIECAAAECBAgQIECAAAECBAgQIECgW0AQ202nkAABAgQIECBAgAABAgQIECBAgAABAm0Cgtg2J6sIECBAgAABAgQIECBAgAABAgQIECDQLSCI7aZTSIAAAQIECBAgQIAAAQIECBAgQIAAgTYBQWybk1UECBAgQIAAAQIECBAgQIAAAQIECBDoFhDEdtMpJECAAAECBAgQIECAAAECBAgQIECAQJuAILbNySoCBAgQIECAAAECBAgQIECAAAECBAh0Cwhiu+kUEiBAgAABAgQIECBAgAABAgQIECBAoE1AENvmZBUBAgQIECBAgAABAgQIECBAgAABAgS6BQSx3XQKCRAgQIAAAQIECBAgQIAAAQIECBAg0CbwE49puezY9XFsAAAAAElFTkSuQmCC',
        NULL, NULL, NULL, NULL, NULL, '2024-07-16 11:34:49', '2024-07-16 11:34:59', NULL);



ALTER TABLE `ecosistema`.`servico_licenca_condicionante` 
ADD COLUMN `created_at` DATETIME NULL AFTER `vigente`,
ADD COLUMN `updated_at` DATETIME NULL AFTER `created_at`;
